CIGAR_string,HoleID,alignment_flag,clipped_bases,end,genome,identity_score,mapQV,matching_bases,reflen,scaffold,sequence,start,experiment,attrib
182=1X43=,4784526,16,0,3776400,Coli,0.9955752212389379,254,225,226,Coli,AGTTTATTCTGGGTAATGATTTGCAACCAAAGCCGTGAACTGGCGATGGCACGTTTTTCGAAGGTCCGCAGTACCACCCAATGCAAAATAATATGCACCACGACGGCGGTCAGAAAAATAATACCGAAAATCATCACCATCGAGGTGGTGTGATCGATCTCAATACCCGCTAAATCTTCAACCTGGGATATTAAATCCTGCATAACGTCTCCTTTATACAACAGCA,3776174,NM4910,Coli
134=1X101=1X73=,5505206,0,0,1830375,Coli,0.9935483870967742,254,308,310,Coli,GTAAAAAACTTTCCGTTACAGCACTGGCTGCGCAGTACGATTATCGCTGCGGGCTCGCTGCTGGTGCTGTTTATGCTGTTATTCTGGATCCCGCTGGATATGCCGCTGAAATTCACTCTCTCATGGATGAAAGGCGCGCAGACCATTGAAGCCACCAGCGTAAAACAACTGGCTGACGCTGGCGTGCGGGTAGGCGATACATTGCGTATTAGCGGTACGGGAATGTGTAATATTCGAACTTCCGGAACCTGGAGCGCGAAAACCAATTCACCTTTTTTACCGTTTGACTGCTCGCAGATCATCTGGAACG,1830065,NM4910,Coli
102=1X35=1X158=1X71=,5505771,0,0,1587813,Coli,0.9918699186991872,254,366,369,Coli,CAGCCCCAGCGGCGGTAGCGAACCGACGTTATACAGATGCCACATTCCCACCATCGACACGCCCAGCGCCGCGACCACCAGCAGCTTGGTCAGCACCATGCCGGTCGAAATTTTGAATAACAATTTCTCGCCGCGTGAGGAGATCGCCACCAGAATGCAAATCAGTACCAGACCATAAAAGGGACTGTCTGACAGCAACCCTTCCGTCACGCCGAAGGTATGCAGGTAGGAAGCACTATCGTTGGTGATGGCGGTGGAATAGACGAACATCCAAATCACCAGCATTACGAAATAGAGCGCACCTAACAGGATGCCCCAGTTTTTACCTAAATAACCGCTAATGACGCTCGGGTAATCTTTACATTCTGG,1587444,NM4910,Coli
232=1X72=,5702318,16,0,1647410,Coli,0.99672131147541,254,304,305,Coli,TAGCAACCGGACCACGACCTTTATCGAGGAAGGATTCGATAACCGCACCGCTCGCCATACCTTTACGTACCGCTTTCAGCTCCAGAACTTCCGCCTGCAGCAGGATAGCGTCCAGCAGTTCATCGATACCGGTACCCGCTTTCGCAGATACGTGTACGAACTGGCTTTCACCGCCCCACTCTTCCGGCAGGATGCCGTACTGGGAGAGTTCGTTCTTAACGCGATCCGGATCAGCTTCTGGTTTATCGATCTTGTTCACTGCAACCACCACCGGTACCTGCGCCGCTTTCGCGTGCTGGATTGCT,1647105,NM4910,Coli
171=1X211=,5833151,16,0,885401,Coli,0.9973890339425588,254,382,383,Coli,AGTGTGAATTAACGCACTCATCTAACACTTTACTTTTCAAGGAGTATTTCCTATGAACGAGTTAGACGGCATCAAACAGTTCACCACTGTCGTGGCAGACAGCGGCGATATTGAGTCCATTCGCCATTATCATCCCCAGGATGCCACCACCAATCCTTCGCTGTTACTCAAAGCTGCCGGATTATCACAATATGAGCATTTAATAGACGATGCTATCGCCTGGGGTAAAAAAAATGGCAAGACCCAGGAACAACAGGTGGTCGCAGCGTGTGACAAACTGGCGGTCAATTTCGGTGCTGAAATCCTCAAAATCGTACCCGGTCGCGTGTCAACAGAAGTTGATGCACGCCTCTCTTTTGATAAAGAAAAGAGTATTGAGAAGG,885018,NM4910,Coli
109=1X209=,5963954,0,0,1574709,Coli,0.9968652037617556,254,318,319,Coli,TGATGCCGCGCGCGGAGAAGTTATCCTGCGCCAGCAGTTCGTTACATTCGTTCCAGATTTCATCGGCAGTTGACGGAGAAAGCAATTTGCCAGTGATACCAAACGGACGGCGCAGTTCGAGGTGCGTCCAGTGGTATAACGGGTTGCCGATAGTGTGCGGAACAGTCGCCGCCCAGGCGTCAAATTTTTCACGGTCAGACGCATCACCGGTACACAGACGCTCGGCCACACCGTTGGTACGCATAGCGCGCCATTTGTAGTGATCGCCTTTCAGCCAGATGTCATACAGGTTTTTAAAACGATAGTCTTCCGCAATCTG,1574390,NM4910,Coli
43=1X19=1X328=1X3=1X6=,6881396,0,0,888391,Coli,0.9900744416873448,254,399,403,Coli,CCGCCGAGAATATTGTGGCAAAAGCGCATAAGGTGCTGGGAGTGAAAGGTGCCTGATGGTGATTGCCGGATGCTGATTGCCGGATGCGACGCTGACGCGTCTTATCCGGCCTACAGCGTCTTATCCGGCCTACATGTCCCGCCATTTTGTTTAACGGGTGATCCACAACGTGGGCCAGGCGTCTGGCCCATGCCAGTTATCGCAGGTGGGTTCTGCGGCGTAACGCACCAGGCGAAAACGCTGACCGTCAAAGCGCCAGCGCGCCTGAATGCCACAATCGCTTAATCCGCGCCCTTTCGCTAAGGTCACCAGTTCACGCGATTTCTCATCAAATGTTGCGTTCATCAGTTCCAGTTCATTCGTCTCCTGACCGTTGTTGAACGGCAAACGCAACCGAACCGGG,887988,NM4910,Coli
414=,6947043,0,0,3052505,Coli,1.0,254,414,414,Coli,AGAACTCAACTTTACCTTCATCCTGGTAATCCAGAATGTGCGTGGCGATACGGTCGAGGAACCAACGGTCGTGCGAGATAACCATCGCACAGCCCGGGAACTCCAGCAGGGCGTTTTCCAGCGCGCGCAGGGTTTCGATATCCAGGTCGTTGGTTGGTTCGTCGAGCAGCAGCATGTTGCCGCCAACCTGCAGCAGCTTCGCCAGATGCAGACGACCGCGCTCACCACCGGAGAGTTCACCAACGCGTTTACCCTGATCAACCCCTTTAAAGTTAAAGCGGCCAACGTAGGCGCGGCTTGGCATCTCGGTGTTGCCGATCTTCATGATATCCAGCCCGCCGGAAACTTCTTCCCAAACGGTTTTGCTGTTATCCATTGAGTCACGGAACTGATCAACCGACGCCAGTTTCACCG,3052091,NM4910,Coli
323=1X329=,7471483,0,0,1008796,Coli,0.998468606431853,254,652,653,Coli,CCTACCTATTATTCCGTGTCACAACAACTGGTTTATAAAGTGGGTCAGTATCGCCCACGTACGCTGGGCAACCTGACGGCGGAGCAACTCACCGTTGCACCGGGTCATGTGGTGGTTAACGATCTCCAGACCCTGAAAGAAACAAAATTCCCGGAATTAAGCTGGAAGGTAGACGACAAAAAAGGCTCTGCGGAATTAATGGAAGATGTCATCGAAGGAAAACTCGATTACACCATTGCTGATTCTGTCGCCATCAGCCTGTTTCAGCGCGTTCACCCGGAGCTCGCCGTAGCGCTCGATATCACCGATGAACAACCGGTGACTTGGTTTAGCCCGTTAGATGGCGATAATACCCTTTCCGCCGCCCTGCTCGACTTCTTCAACGAAATGAATGAAGACGGTACGCTGGCACGCATTGAAGAGAAATACCTGGGGCATGGCGATGATTTTGATTACGTCGATACGCGCACATTTTTACGCGCCGTCGATGCGGTACTGCCGCAGTTAAAGCCCCTGTTTGAGAAATACGCCGAAGAAATTGACTGGCGTTTGCTGGCCGCTATTGCTTATCAGGAATCGCACTGGGATGCACAGGCCACTTCACCGACGGGTGTGCGCGGCATGATGATGTTAACCAAAAATACCGCGCAAAG,1008143,NM4910,Coli
70=1X122=1X79=,8192490,16,0,279818,Coli,0.9926739926739928,254,271,273,Coli,GTAATTAGACACTACTTTACAGGTAATTTACCCTATAAATATGAGGGATAAAAATATTGTGCACGGTATAGAAATAAGTAACAAAAGAGAATATATTCCGGCACCTTCGCTACATAAAAGGTGCCGAAAATAACGCAAGAAATTATTTTTCCGGCAGTTTTATATCTTTAAACATGACCTCAATTTCTTCATTAGAGCGCAATGCGACAGCCGCATCAACGACATCACGCGTTAAATGCGGTGCAAAACGCTGAATGAAATCATACATATAAC,279545,NM4910,Coli
52=1X254=1I51=,8389405,0,0,219245,Coli,0.9944289693593314,254,357,358,Coli,GCGGAGCCAGATTGGGCATTACGATAGCCCGTCCATAAATTTCGCTGGTATATGGCACGACAGTTTTTAACATGTCGCCATCGCGGAGGTGAAGGTGCCAGTCGTCTGGGCGGCGGATCTTTAATACCTGGGATGGTGCAGTCATTAATCTCTATGCTCCGGCTGAAGGGATGTTTTTGCCGGACACAAAGGATAAGCGGAAACGTTTTCCTTTGCACGAAAAATAAAGGGCGCGAATGCGCCCTCGTGATTAATCAGTAAATGGAATGACAATTTCGCCTGGCTTCACTTCAATGCCTTTCGCCAGTTTTTTTCGCCATTGCTTCGCCCTGGCTGCCATCTTCGCGCAGGACGTAAGC,218887,NM4910,Coli
63=1X112=1X115=,9371784,16,0,258903,Coli,0.9931506849315068,254,290,292,Coli,CCAATGCTGGCGCATAAAGGTCTGTAACGATGAGAAAAGGATGCTTTGGGCTGGTGTCTCTGGTGTTGTTACTGCTGGTGGGCTGTCGTTCACATCCGGAAATTCCGGTGAATGATGAGCAATCGCTGGTGATGGAGTCATCTTTATTGGCTGCGGGCATCAGTGCAGAAAAGCCCTTCCTTTCGACGTCTGATATTCAACCTTCAGCATCCTCAACGCTTTATAACGAAAGGCAAGAACCCGTTACCGTTCATTATCGTTTTTACTGGTATGACGCCAGAGGGCTGGAGAT,258611,NM4910,Coli
75=1X134=1X32=1X68=,9437496,0,0,149929,Coli,0.9903846153846154,254,309,312,Coli,GGACGGTTACAAAATTGAGTTAATCGAAGAGAAAGACGCCGGTCGCGGTCTGGGCAACTAATCTCCTGCCGGGCGTGAACTCATCGCGCCCGCATCTTTACTGCATCGACAAGTAATATTTGTCATAATGCGCGCTGCAATTTATCCGTATTAAGAGAATCAGATGTCCGATAACGCTCAACTTACCGGTCTGTGCGACCGTTTTCGTGGTTTTTATCCTGTTGTGATCGATGTTGAAACAGCCGGATTTAACGCCAAAACCGATGCGCTGCTTGAGATTGCCGCCATCACCCTGAAAATGGATGAACAAGG,149617,NM4910,Coli
291=,9961738,0,0,1059672,Coli,1.0,254,291,291,Coli,TTAAATTATCAAACATTGTCTCTCGCCTGGGGTGGAAACGGTTGGCCGCAATCGCGACACATCATCAGTATTTTGCCGCAGTATAACATGAAGGCGTCTTTGTTGTTATGCAACGGTTGGAGCAGCGTTCACCTGACGCTATACTGCTTCTCTTTCTTATTGCTCAAACTGTCGACATCACTATGCCCGTTTTTGCTCTGCTCGCGCTTGTCGCCTACTCCGTCAGTCTTGCGCTGATTGTTCCCGGTCTGCTGCAAAAAAACGGCGGCTGGCGGCGCATGGCTATTATTT,1059381,NM4910,Coli
304=,10420332,0,0,1774490,Coli,1.0,254,304,304,Coli,TCATTACATCACCGTCTTAGTTACAAAGGTGGTTTTAATCGGCAGTTTCGCTGCTGCCAGCTTGAATGCTTCACGGGCCAGCTCTTCCGGAACACCGTCCATTTCATACAGGACTTTACCCGGCTGAATCAAGGCAACCCAATACTCCACGTTACCTTTACCTTTACCCATACGCACTGCCAGCGGCTTTTCAGTGATCGGTTTGTCCGGGAACACACGGATCCAGATCTTACCTTGACGCTTAACTGCACGGGTCATAGCACGACGTGCTGCTTCGATCTGACGGGCAGTCAGACGACCACGG,1774186,NM4910,Coli
69=1X113=,10945173,16,0,1512065,Coli,0.994535519125683,254,182,183,Coli,AACCGGCTCAAGCCCGGTGAGTACCTCAATGGCATCAGCGTTATAAGTTTGCGTCATGGTTTAAGTTAGTAATTCGAGTTGATCGTCAGAGATGGTGCAGACCAAGAAAATCGACGATCGGGTTGAAATAATCTTCGAAGCCCGTGAATGCGTGGTTGCCGCCTTCTATGACAGTCTGGCGGC,1511882,NM4910,Coli
29=1X175=,11010717,16,0,2147359,Coli,0.9951219512195122,254,204,205,Coli,CGGTTTCTGGTTATCCCGTTTCCGACAGTCTGCTGGACCCGGCAGCCGAAGCCGCTATGGGCCATATTGAGCTGGGTAAATGGGCTGATTTAGTGATTCTCGCCCCTGCCACGGCAGATTTGATTGCCCGTGTTGCTGCCGGAATGGCGAATGACCTGGTATCGACGATTTGTCTGGCTACACCTGCGCCTGTAGCCGTGCTCCC,2147154,NM4910,Coli
239=1X19=,11272541,0,0,1185060,Coli,0.996138996138996,254,258,259,Coli,GCTAAAACCGAGATCGCTGCATAATCCGTGGCGAACATTGTCGCCATCCAGCAGATACGTACTGACGCCGAGTTTATGTAACGCCTCCTCCAGCGCCCCGGCGACCGTTGATTTACCGGACCCGGAGAGGCCGGTAAACCACAGCACTACACCACGATGACCGTGGTGTAGCTCGCGTTGTTGCACAGTGACCGGATGGCTATGCCAGACGACGTTTTCGTCATGCAGCGCCATTATTTATCCCCCAGCAAATCGCGCG,1184801,NM4910,Coli
234=1X29=,11796950,16,0,893859,Coli,0.9962121212121212,254,263,264,Coli,CAGCGAAATCGCCGTCAGTTGCGTCACCGCGCCGGACGGCAATCACACGGTTTATATCCGTGATAACGGGATTGGTATCGGTGAACCGAAAGAACCCGAAGGTCATTATGGTCTGAATATCATGCGCGAACGCGCGGAACGGCTAGGTGGGACGCTGACTTTTTCACAACCTTCCGGCGGCGGCACGTTAGTGAGTATTAGCTTTCGCTCTGCGGAGGGTGAGGAAAGTCAGTTAATGTAATGCCTCCTACTGACCAAAGAATA,893595,NM4910,Coli
57=1X189=,12189802,0,0,644216,Coli,0.9959514170040484,254,246,247,Coli,GTAGCGCATAAACCACGCCAATGACTCCAGAGAACCTCGCCAGGTGTTACTCATTGCGGAACAATCGGAGTCGGCAAACAGCGGTTCAAACGCAGGCACATCCGCCTGCGTTTCTCGTCCACGCGGGGAAAGCACACCGTTTTCTGCCGATAAGCGATTTTCGGCGATGTACTTCAGCTCTTTCATCACATCAGAGGTGCGTTGAATAAAGCGCTGAGCCTGATCGGAACTCAGATTAAATTCCTGA,643969,NM4910,Coli
186=1X175=,12189842,16,0,3701579,Coli,0.9972375690607734,254,361,362,Coli,CTGTTGCAGGTTAGATTCGTTAATGTTGACAATATTTTCTACGGACATGGAGTCGCTCTCTGTTGTCGATATTTTCTTTGACATGGGGGCTTAAGCGCGCGCTTCAACTCACCCCTGCAATATTTTGTCCATCACGCGCCCCGGCAGCAGGCGCTTAAGCACCATTACCGCCCAGGTCACCAGCGTCACCGGATAGCGCATCTTCGGCTTCTCGCTAATAAAAGCATGGCGTACTTTGTCCACCACCGCTTCCGGTCCCAACGTAAAGCGGGCGGCGATGCCGGGATTTTCGACTGGTTTATCACTTTGCGTCTGGTTGACGTTGTCGGTGAAGCGAGTACGAATGGGACCGGGTTCGATCA,3701217,NM4910,Coli
308=1X12=,12255693,0,0,102541,Coli,0.9968847352024922,254,320,321,Coli,CTTCATGAGATTTAGCGAAACCTCATGAGACAATAAATTAATTAGACGTTGAAAAGGAAGTTCATCACATCGCCATCTTTCACGATGTAATCTTTACCTTCTGCACGCATTTTGCCTGCTTCTTTCGCGCCTTGTTCACCTTTGTAAGTGATGAAATCTTCAAACGAGATGGTTTGTGCACGGATAAAGCCTTTTTCAAAATCAGTATGGATTTTGCCCGCTGCCTGCGGCGCGGTTGCTCCAACCGGAATGGTCCATGCACGCACTTCTTTCACCCCAGCGGTGAAGTAAGTTTGCAGGTTCAGCAGTTTATAACCGGCA,102220,NM4910,Coli
257=,12648811,0,0,3921418,Coli,1.0,254,257,257,Coli,CTGGGTACCAGCCTCTCTTCCCCTGAAGGTTTCGAGCAAGCTTCCGCGATTATGGGCAGCTTCTTCGTCAAATTTATCATGTGGGGCATCCTTACCGCTCTGGCGTATCACGTCGTCGTAGGTATTCGCCACATGATGATGGATTTTGGCTATCTGGAAGAAACATTCGAAGCGGGTAAACGCTCCGCCAAAATCTCCTTTGTTATTACTGTCGTGCTTTCACTTCTCGCAGGAGTCCTCGTATGGTAAGCAACGCC,3921161,NM4910,Coli
134=1X50=,13107351,0,0,84675,Coli,0.9945945945945946,254,184,185,Coli,GAGTAGCCCATGACCACACAATATGGATTTTTTATCGATTCCAGCCGCTGTACTGGCTGTAAAACCTGCGAACTGGCGTGCAAAGATTTTAAAGATCTTGGCCCGGAAGTCAGTTTCCGCCGTATTTATGAATACGCTGGCGGCGACTGGCAGGAAGATAATGGCGTCTGGCACCAGAACGTGTT,84490,NM4910,Coli
265=,13500872,0,0,110266,Coli,1.0,254,265,265,Coli,ACCGCCAGCCCGTTACCGATTATCGGGAAAGGCATGGTGGAGCGCGCATTAAAAAGCCGTCGCAACCAACCAATGCTGTTGGTGGATATTGCCGTTCCGCGCGATGTTGAGCCGGAAGTTGGCAAACTGGCGAATGCTTATCTTTATAGCGTTGATGATCTGCAAAGCATCATTTCGCACAACCTGGCGCAGCGTAAAGCCGCAGCGGTTGAGGCGGAAACTATTGTCGCTCAGGAAACCAGCGAATTTATGGCGTGGCTGCGAG,110001,NM4910,Coli
40=1X161=1X296=1X18=,13762853,0,0,1763292,Coli,0.9942084942084942,254,515,518,Coli,ATACGATCGTCTTTTTTGGTGATGCGTCGGATCAAGAACTACTGGCCGAAGAACATATCGATCAAGTTGATCTGTTTATTGCCGTCACCAACGATGACGAGGCCAATATCATGTCCGCCATGCTTGCCAAACGTATGGGTGCGAAAAAGGTGATGGTATTGATCCAGCGTCGCGCTTATGTGGATCTGGTTCAGGGGAGCGTTATCGATATTGCGATTTCACCACAACAAGCAACTATTTCTGCGTTGCTTAGCCATGTGCGAAAAGCAGATATTGTTGGTGTTTCCTCATTGCGCCGCGGCGTAGCAGAAGCTATTGAAGCCGTTGCTCACGGTGATGAAAGCACCTCACGCGTTGTCGGCAGAGTCATTGACGAAATCAAGCTACCGCCAGGAACGATTATTGGAGCGGTGGTACGTGGAAACGACGTGATGATTGCCAATGACAATCTGCGCATTGAGCAAGGCGATCACGTAATTATGTTCCTCACAGATAAAAAGTTTATTACCGACGTCGAA,1762774,NM4910,Coli
151=1X23=1X185=1X83=1X38=1X24=,13828882,0,0,4037691,Coli,0.9901768172888016,254,504,509,Coli,CAATGGTGGCCTGGAAGGTGGCGACAATTAACGCCGGTACGGCTTTGCCGATGAAGATCTGCCAGGTGGTGAGCGGCGAAACCAGTAGCTGATCGAGCGTACCTTGTTCACGTTCGCGGGCGACGGAAAGTGAAGTGACGATCATTACGCCGATAGTGGTGATCATGGCGATCAGTGACGGCACCACAAACCATTTGTAGTCGAGATTCGGGTTATACCAGTTGCGTACCACCAGCTCGCTGTTGTTAGGTTTCGGTTTTCCTTCCAGCAGCTCCTGCTGATAATTTTTGACGATCTGTTGCAGGTAGTTGGCGGCAATTTGCGCACTGTTGGAGTTACGCCCGTCGAGGATCAACTGCAAAGGCGCGGTCTGGAAGGTATCCAGTTTGCGCGAGAAGTCAGCCGGGAAACGCACCAGTAGTAACGCCTTTTGTGTGTCGATGGTTGGGCGGATCTCCTGTGGGCTTTTCAGCAGCAGCACATGAGTAAAGGCGCTGGCGCGGGCAAAA,4037182,NM4910,Coli
53=1X83=1X175=,14221658,16,0,625236,Coli,0.9936102236421726,254,311,313,Coli,AGCCCCATCCGCGCGTCGTCGATCGATTCAATCTCACGATCCAGCGCACCGCTTGGGCACACTTTGGCGCACGGAATGTCCTCACACATTTCGCAAGGAATATCCCGTGCGACAAAATATGGCGTGCCCGCCGACAGACCAGAGGCCAGCGTCGCCAGTTTTAAGGTGTCGTAAGGGCAAGCCTGAACACACTGACCGCAACGCACACAGGCACTGGCAAAGGCGTTCTCGTTTATGGCTCCGGGCGGGCGCAACCGCACGCCAGATGCGCGTGCGGTTTGCTGTTGTAACCCCAGCGCCACACCCACGGCAG,624923,NM4910,Coli
105=1X11=1X242=,14549730,16,0,3551813,Coli,0.9944444444444444,254,358,360,Coli,CGATATTCACGAAAAAGATCACCCAACGATTCTGGAAATGGCAAAAGCCGCAGGTCTGGCGACCGGTAACGTTTCTACCGCAGAGTTGCAGGATGCCACGCCCGCTGCGCTGGTGGCACATGTGACCTCGCGCAAATGCTACGGTCCGAGCGCGACCAGTGAAAAATGTCCGGGTAACGCTCTGGAAAAAGGCGGAAAAGGATCGATTACCGAACAGCTGCTTAACGCTCGTGCCGACGTTACGCTTGGCGGCGGCGCAAAAACCTTTGCTGAAACGGCAACCGCTGGTGAATGGCAGGGAAAAACGCTGCGTGAACAGGCACAGGCGCGTGGTTATCAGTTGGTGAGCGATGCTGCCTC,3551453,NM4910,Coli
182=1X76=,14942809,0,0,2820383,Coli,0.996138996138996,254,258,259,Coli,CAGATCAACCTGCCGACCGAAGTGTCTGAAGCGATCTACAACCGTATGCGCGCCGAGCGTGAAGCGGTAGCGCGTCGTCACCGTTCACAAGGTCAGGAAGAAGCGGAAAAACTGCGCGCGACTGCCGACTATGAAGTGACCAGAACGCTGGCAGAAGCTGAGCGTCAGGGCCGCATCATGCGTGGTGAAGGCGATGCCGAAGCAGCCAAACTGTTTGCTGATGCATTCAGTAAAGATCCGGACTTCTACGCATTCATCC,2820124,NM4910,Coli
31=1X273=,15073441,16,0,362667,Coli,0.99672131147541,254,304,305,Coli,CGCTGATGACCTCCCGTATCAGCTCTGGTCTGCCAATTTTCGCCATGTCGCGCCATGAACGTACGCTGAACCTGACTGCTCTCTATCGTGGCGTTACGCCGGTGCACTTTGATAGCGCTAATGACGGCGTAGCAGCTGCCAGCGAAGCGGTTAATCTGCTGCGCGATAAAGGTTACTTGATGTCTGGTGACCTGGTGATTGTCACCCAGGGCGACGTGATGAGTACCGTGGGTTCTACTAATACCACGCGTATTTTAACGGTAGAGTAAGTACGTTGCCGGATGCGGCGAAAACGCCACATCCGG,362362,NM4910,Coli
28=1D101=1X209=,15074122,16,0,1057143,Coli,0.9941176470588236,254,338,340,Coli,CCTTTGCGCCTTCACCCGCCGCGGCTTTGCTGCATGAATGGCGTCCCGCAAGGGTTGCACCATCATTAACATCCCCGGTCCGCCGCCGTAAGGACGATCGTCCACGGTACGGTGCCGGTCATGCGTGAAGTCGCGAGGACTCCAGCTCTGGATGCTCAGCAGGCCATTTTTAACTGCCCGGCCAGTTACCCCGTAATCGGTAATTGCGCGGAACATTTCAGGAAACAGGCTAATTATGCCAATCCACATAGCGCCGTCTTTTACCGTTTATCCGGTGGTTTAAAAACCAGGATCCCAATCTACTTCGATTGAACGAGTAGTGAGATCGACTTTCTTGAT,1056803,NM4910,Coli
77=1X237=,15598003,16,0,3505596,Coli,0.9968253968253968,254,314,315,Coli,GGGCCGGAACCCGGTGGCGTTTCTGCTTCGGTGGAGTATGCCGTCGCTGCGCTTCGGGTATCTGACATTGTGATTTGTGGTCATTCCAACTGTGGCGCGATGACCGCCATTGCCAGCTGTCAGTGCATGGACCATATGCCTGCCGTCTCCCACTGGCTGCGTTATGCCGATTCAGCCCGCGTCGTTAATGAGGCGCGCCCGCATTCCGATTTACCGTCAAAAGCTGCGGCGATGGTACGTGAAAACGTCATTGCTCAGTTGGCTAATTTGCAAACTCATCCATCGGTGCGCCTGGCGCTCGAAGAGGGGCGGATC,3505281,NM4910,Coli
68=1X38=1X92=1X154=,15728883,16,0,2681275,Coli,0.991549295774648,254,352,355,Coli,ATTGCCCGTGAACACGGCGGCATCGGGCTTATCATGATCGACTACCTGCAACTGATGCGCGTACCGGCGCTTTCCGATAACCGTACGCTGGAAATTGCAGAAATCTCTCGCTCGCTGAAAGCACTGGCGAAAGAACTGAACGTGCCGGTGGTGGCGCTGTCCCAGTTGAACCGTTCTCTGGAACAACGTGCCGACAAACGCCCGGTCAACTCCGACCTGCGTGAATCTGGCTCTATCGAGCAGGATGCGGACTTGATCATGTTTATCTATCGTGATGAGGTGTATCACGAAAACAGTGATTTAAAAGGCATCGCGGAAATTATTATCGGTAAACAACGTAACGGCCCAATCGGGA,2680920,NM4910,Coli
84=3D245=,15794930,16,0,1853171,Coli,0.9909638554216867,254,329,332,Coli,TATCGCCGTCGCTGTATTTACCGCTTTCCAGCTCTTTCAATACTGCGTCCAGCACCTTATCTTTCTTCCGCCATTTCACCGGGTAGCCTTTGGCCAGAATTGCCTTCACTTGTTCCACGGTATGACCAAAAATAAAGATATTTTCTTCACCGACTTTCTCGGCGATTTCAACGTTCGCCCCATCCAGCGTACCGACAGTAAGCGCACCATTGAGCGCCAGTTTCATATTGCCGGTACCGGAAGCTTCTTTACCTGCAGTCGAAATTTGTTCGGAGATATCCGCCGCCGGGATCAGTTTTTCCGCCGCCGAAACGCAATAATCCGGCAGG,1852839,NM4910,Coli
313=1X18=,16384658,16,0,3950190,Coli,0.9969879518072288,254,331,332,Coli,CCCGAAAACGGTCTTTCTGATCGGTGGCGCAAAAGATGTGCCTTACGATGAAATAATTAAAGCACTGAACTTGTTACATAGTGCGGGTGTGAAATCGGTTGGTTTAATGACGCAGCCTATCTAAACATCTGCGTTTCCCTTGCTTGAAAGAGAGCGGGTAACAGGCGAACAGTTTTTGGAAACCGAGAGTGTCAAAGGCAACCGAACAAAACGACAAGCTCAAGCGGGCGATAATTATTTCAGCAGTGCTGCATGTCATCTTATTTGCGGCGCTGATCTGGAGTTCGTTCGATGAGAATATAGAAGCTTCAGCCGGAGGCGGCGGTGGTTCG,3949858,NM4910,Coli
65=1X5=1X269=,16450071,0,0,3587221,Coli,0.9941348973607038,254,339,341,Coli,GTGGCGGAGCTGGTTATGCCGCGTGTTGTAAAAAGCAACGACGTGCGTGAACCGTTTAATGAAGAGAAATTGCGTAGCGGAATGCTGCGGGCGCTGGAAAAACGTCCGGTGAGTTCCGATGACGTCGAAATGGCAATCAATCATATTAAATCGCAGCTGCGCGCCACCGGTGAGCGCGAAGTGCCGAGCAAGATGATTGGCAATCTGGTGATGGAGCAATTGAAAAAGCTCGATAAAGTCGCCTATATCCGTTTTGCCTCTGTCTACCGCAGTTTCGAAGATATCAAAGAATTTGGCGAAGAGATCGCGCGCCTGGAGGACTAAGCCGTGCAGGACGAGTA,3586880,NM4910,Coli
114=1X76=,16777367,16,0,2705822,Coli,0.9947643979057592,254,190,191,Coli,GATTATTCGTAGCGAGCCGCAGGGCGAATTTCCTGATGTGAAATATCGCTTCTTCCGTAAGTCTTGCCAGCACTGCGATCATGCGCCGTGCGTTGACGTCTGCCCGACCGGTGCGTCTTTTCGCGATGCTGCCAGTGGGATTGTCGATGTTAATCCGGATCTCTGCGTCGGTTGTCAGTACTGCATCGCCG,2705631,NM4910,Coli
254=,17236710,0,0,1483821,Coli,1.0,254,254,254,Coli,GGTGCCGGATGCCATCATTATGATCGACAACACCTGGGCAGCCGGTGTGCTGTTTAAGGCGCTGGATTTTGGCATCGATGTTTCTATTCAAGCCGCCACCAAATATCTGGTTGGGCATTCAGATGCGATGATTGGCACTGCCGTGTGCAATGCCCGTTGCTGGGAGCAGCTACGGGAAAATGCCTATCTGATGGGCCAGATGGTCGATGCCGATACCGCCTATATAACCAGCCGTGGCCTGCGCACATTAGGTG,1483567,NM4910,Coli
95=1X43=1D153=1X36=,17301890,0,0,2447299,Coli,0.990909090909091,254,327,330,Coli,TCAACTGAACTCTATCGCATCACCGGCTGGGGGGCGCTGGAAGGACATAAAGTTTTCTATCACGAAACATATATTAATCCTGAAGTTGCTCCGGGCTTTATTGAACAACTTGAAAACCACTCATTTTCTGCAGTCTGGGAAAGTGCTACCAAAAAGAGACGGTAGTAAAAAAATTGATTTTCAAACCCGTCAGAATGCCGGGCGATATCAGCAAGTATCTTGGCGGTTCTGCGGGTATGCCAGCGATCTTAATTGAAAAGCATCGCGCCGACCAGCAAGGCAATATTGTCCAAATAGATATTGAATATTGGCGATTTGAGGCCGTAGAC,2446969,NM4910,Coli
18=1X146=1X94=,17432864,16,0,159788,Coli,0.9923076923076924,254,258,260,Coli,TTACACCCTGATTCTGGGCAATGCGTGGAACAATCTTGAGAAACAGCGGGCTTATCTGTCGATGATGGCGCAAAAACGCGTCGATGGTCTGCTGGTGATGTGTTCTGAGTACCCAGAGCCGTTGCTGGCGATGCTGGAAGAGTATCGCCATATCCCAATGGTGGTCATGGACTGGGGTGAAGCAAAAGCTGACTTCACCGATGCGGTCATTGATAACGCGTTCGAAGGCGGCTACATGGCCGGGCGTTATCTGATTGAAC,159528,NM4910,Coli
106=1X59=1X26=1X177=,17499023,0,0,3563603,Coli,0.9919137466307276,254,368,371,Coli,CTAACATCATAATAAAGGTCATCGCCGTTTCCGAAAAACCGGAAATAAACATCATGTATGGCTTTACGTAGCTGAACCAGGCAAACACACCTGCGTTGCCAAACATCGTGGCGGCGAAAATTAACCACGGGGCCGGGCTGCGCAAAAAGTGAAATTGTTCGCGCAGATTTCCTTTCGCCTCGTCGCGAATATCTGGCACCCAAAAATAGACCGATGCCATCACCGCAATATTAAAAACAGCGATCAATAAAAAGGTGTAACGCCAGCTAAATTCCTGACTTAAATACGTTCCCAGCGGAATGCCCAGCAAATTGGCGACTGTCATCCCGGAAACCATCCCCGCCACGGCGGCGGTGACTTTTCCGGGTTTG,3563232,NM4910,Coli
260=1X41=1X86=1X15=,17694823,0,0,4249845,Coli,0.9925925925925926,254,402,405,Coli,CCGAAACCGTGCTACCTGTTTGCGCTGGTGGCAGGCGACTTTGATGTACTGCGCGATACCTTTACCACGCGTTCTGGTCGCGAAGTAGCACTGGAGCTGTACGTCGATCGCGGCAACCTTGATCGCGCGCCGTGGGCGATGACCTCGCTGAAAAACTCCATGAAATGGGATGAAGAACGCTTTGGCCTGGAGTATGACCTCGACATCTATATGATCGTCGCGGTGGATTTCTTCAATATGGGCGCAATGGAGAATAAGGGGCTGAATATCTTTAACTCCAAATATGTGCTGGCCCGCACCGACACCGCCACCGACAAAGATTACCTCGATATTGAACGCGTTATCGGCCATGAATATTTCCATAACTGGACCGGTAACCGAGTGACCTGTCGCGACTGGTTCCAG,4249440,NM4910,Coli
213=,18219535,16,0,177043,Coli,1.0,254,213,213,Coli,TTTTTGAAACGCTGTTTTTGTTTTCCTTTTGGATTAATTTCAGCGTATAATGCGCGCCAATTGACTCTTGAATGGTTTCAGCACTTTGGACTGTAGAACTCAACGACTCAAAAACAGGCACTCACGTTGGGCTGAGACACAAGCACACATTCCTCTGCACGCTTTTTCGATGTCACCTATCCTTAGAGCGAGGCACCACCACTTTCGTAATAC,176830,NM4910,Coli
173=1X161=1X29=,18350168,16,0,3337203,Coli,0.9945205479452056,254,363,365,Coli,CTCACCGTATGTGCAGTAATTGCAGGTGCCGATGAGTGGCAGGAAATTGAAGATTTTGGACATGAAAGACTTGAATGGCTAAAGAAATATGGTGATTTTGATAATGGCATTCCGGTCGATGACACCATTGCACGCGTTGTGAGTAACATTGACAGTTTGGCCTTTGAAAAGATGTTTATTGAATGGATGCAGGAGTGCCATGAAATCACTGATGGTGAAATTATAGCAATAGATGGAAAGACCATAAGAGGCTCCTTTGATAAGGGAAAAAGAAAAGGAGCAATCCATATGGTGAGTGCATTCTCGAACGAAAATGGTGTTGTACTGGGGCAGGTGAAAACGGAAGCCAAAAGTAATGAGATTAC,3336838,NM4910,Coli
67=1X20=1X188=1X87=,18416348,0,0,2970668,Coli,0.9917808219178084,254,362,365,Coli,CTTATGGCGGCGTGTTATCTAATTTTTCCGGGACCGTAAAATATAGTGGCAGTAGCTATCCATTTCCTACCACCAGCGAAACGCCGCGCGTTGTTTATAATTCGAGAACGGATAAGCCGTGGCCGGTGGCGCTTTATTTGACGCCTGTGAGCAGTGCGGGCGGGGTGGCGATTAAAGCTGGCTCATTAATTGCCGTGCTTATTTTGCGACAGACCAACAACTATAACAGCGATGATTTCCAGTTTGTGTGGAATATTTACGCCAATAATGATGTGGTGGTGCCTACTGGCGGCTGCGATGTTTCTGCTCGTGATGTCACCGTTACTCTGCCGGACTACCCTGGTTCAGTGCCAATTCCTCTTACC,2970303,NM4910,Coli
305=,18809159,0,0,3127556,Coli,1.0,254,305,305,Coli,TTCGCCAACCAGCGTGAGCGTCAGGCGCTGTTTTTTGCCACCACTTTTGAAGTGATGGGGCATTTAACCAAATCCAAAGGTCGCGTCACGGAGGCTGATATTCATATCGCCAGCCAGTTGATGGACCGAATGAATCTTCATGGCGCTTCCCGTACTGCGGCGCAAAATGCGTTCCGGGTGGGAAAATCAGACAATTACCCGCTGCGCGAAAAGATGCGCCAGTTTCGCAGTGTCTGCTTTGGTCGTTTTGACTTAATTCGTATGTTTCTGGAGATCCAGATTCAGGCGGCGTTTGCTGATGGTTC,3127251,NM4910,Coli
105=1X124=1X77=,19267650,0,0,1988847,Coli,0.9935064935064936,254,306,308,Coli,ATTAGATGCTTGATTTTTGAAGGTATACAAATTTTTCTGCGGGTTTTTCTTACAGTATTCGATCACTTTAGGAATTTGAGTGAGATCGGTTTCATTTAAAGTAACGGTATCGCCACCTTTATATACTGTTTCTTCATGCAGCATCCACCATGCAACCGGGGTCATTGCTTTTGGATTCAGATCAATAAATTCCTGGCAGGTCATATCTTTAGCGGATTCATTGGCTGCCAACGCAGATTGTGCGTTCACCAGTGACAAAGCCGCTACAGCGCCCATAAAAATAAACGCTTTACGGAGAGATGAAATAT,1988539,NM4910,Coli
1S18=1I266=1D37=,19333397,0,1,2652355,Coli,0.9907407407407408,254,321,322,Coli,AAACTGGCGCATTTGCTGGAATCGCAAACCGAAAGCGCTCTCCGGTGGTCAGCGTCAGCGTGTGGCGATTGGCCGTACGCTGGTGGCCGAGCCAAGCGTATTTTTGCTCGATGAACCGCTCTCCAACCTCGATGCTGCACTGCGTGTGCAAATGCGTATCGAAATCTCCCGTCTGCATAAACGCCTGGGCCGCACAATGATTTACGTCACCCACGATCAGGTCGAAGCGATGACGCTGGCCGACAAAATCGTGGTGCTGGACGCCGGTCGCGTGGCGCAGGTTGGGAACCGCTGGAGCTGTACCACTATCCGGCAGACCGTTT,2652033,NM4910,Coli
280=,19398958,16,0,3181339,Coli,1.0,254,280,280,Coli,TTCACCCCACACCACCGTTTTCCCGCAGGTTGGGCAATTCACCGTAATAGTTTCTGACATTTTTACTCCTTAGCAACAGGCCAGTTCGAAATCCAGACGTTCCGGTACCTGTCCGTTTTCAGTGTCCAGCGGCATAAAACGAATGGCAAAACGGCTCTTATGTCCGGAAATTTGCGGATAAAGCTGTGAATCGAGCGACAGATTCAGGCGCAGCAAGTCGGCATCGCCACCGTTATCCTGATAAAAACCATTCAGGCTGGTTTGTTTACGGAAGGGGGCC,3181059,NM4910,Coli
294=1X75=,19529866,16,0,1242676,Coli,0.9972972972972972,254,369,370,Coli,CAGCAACGTATTCGTTGTCGTGATGGGTCTGATTGCAATCTCCGCAATCTTCTACTCTCTGTTCAGCTAAGTCCTTTCGCGCCGCTTTCGGGCGGCGCTTCCTCCGTTTTAACGCGATGTATTTCCTATGATTAGCGTATTCGATATTTTCAAAATCGGCATTGGCCCTTCCAGTTCTCATACCGTTGGACCAATGAAAGCGGGTAAACAATTTACCGACGATCTGATTGCCCGTAACCTGCTTAAAGACGTGACCCGCGTGGTGGTTGACGTGTACGGCTCGCTCTCTCTGACCGGTAAAGGCCACCACACTGATATCGCCATTATTATGGGCCTGGCGGGTAACCTGCCGGATACCGTGGATATCGAT,1242306,NM4910,Coli
137=1X3=1X172=1X14=,19596019,16,0,2297804,Coli,0.9908814589665652,254,326,329,Coli,TTCCGATTTATATCGTTGTCGGTCAACCTGTATGCCCGTTTTTTCGGGCGCCCCGAGCCTTGTAGAGAGTGGGGTTATTTTTATAGTTACTGCTTGTGGGAGGGAGATTATGTTATCTCCTCATCCCATGTGACCGGGTTAGCCGGCCAGAATCACTTTTTCTTTACCGGACGACGCCAGCCTTCTTTCTGAGTCTGCGGCACACGGCTGATAGCTAATGCATTTTCGCCGACATTACGCGTCACAGTTGTACCCGCAGCAATGGTCGCGCCTTTGCCTACTGTTACCGGGGCCACCAGCTGAGTGTCGGAACCAACAAACACATCGTC,2297475,NM4910,Coli
397=1X11=,19923263,0,0,3181430,Coli,0.9975550122249388,254,408,409,Coli,TGACAACGTTTGGAGCAAAATGGCCGAAACGGGCTGATTTCACCCCACACCACCGTTTTCCCGCAGGTTGGGCAATTCACCGTAATAGTTTCTGACATTTTTACTCCTTAGCAACAGGCCAGTTCGAAATCCAGACGTTCCGGTACCTGTCCGTTTTCAGTGTCCAGCGGCATAAAACGAATGGCAAAACGGCTCTTATGTCCGGAAATTTGCGGATAAAGCTGTGAATCGAGCGACAGATTCAGGCGCAGCAAGTCGGCATCGCCACCGTTATCCTGATAAAAACCATTCAGGCTGGTTTGTTTACGGAAGGGGGCCGACTGGCGAATTAAATCCAGCACCATGGTAAGTGCCTGGGTGAGCGGGTTCAGGCTGGCAATCCAGGTTTCTACCTGGCTGTCGCGCTGCG,3181021,NM4910,Coli
219=1D4=1X1=1D99=,20185597,0,0,287901,Coli,0.99079754601227,254,323,326,Coli,CACACGACCGGCTTCAATAATAGATTCGATTTCACGGCGAGAACCGTGGCCGGCACGCGCCAGCACTTTCTGTAGCTTTTCGCTCATAGAGCTTCCTTTTGGTGTCGCCTTCCCAGGCGTCTGATATGCTTTTGTGCAACAGTGAGTCAGAACTTACATCTGACTCACTGATAGTAAAGTCTGTTTGAACTCTTCAGGCCTTAAGTAAACGACTCGACGTTTATCGGCCTGGCTTTGAGGCGCAACATACTACACTATCTTTATGGTTAAAGCTTGTTTCGATTAACATCAGCTTAATTACCAGCCACCACCGCCTCCGCCACC,287575,NM4910,Coli
5=1X32=1X323=1X59=,20447599,16,0,937008,Coli,0.9928909952606636,254,419,422,Coli,TTAACCTATAAGGAAGGCACCAAAGTGTATACCTCTACCCAGGTGGGTAAAGAGTGCCAGTTTACGACAGGTTTAGCCGTTGTTATTACCACGACGTATAACGAAACGCGTATTCAGCCAAATACCAAATGTCCTGAAAAGAGCTAATAATCAGGAGGAGTCATGAAGAAAGTTTTTCTTTGCGCCATCTTAGCCTCCTTAAGCTATCCGGCTATCGCCTCATCATTGCAGGATCAACTCTCTGCTGTCGCAGAAGCGGAACAGCAAGGTAAAAATGAAGAGCAAAGGCAGCATGACGAATGGGTCGCGGAGCGCAACAGGGAAATCCAGCAAGAGAAGCAACGTCGCGCAAATGCCCAGGCCGCCGCTAACAAAAGAGCGGCAACGGCAGCGGCAAATAAGAAAGCTCGTCAGGATAAACT,936586,NM4910,Coli
332=,20841383,16,0,2406157,Coli,1.0,254,332,332,Coli,TCAAAATGGGCCGCGAGAAGCTGCGTAATATCGGTGTGATTGGCAACGTTGAGTATGTTCAGGCGAACGCTGAGGCGCTGCCGTTCCCGGATAACACCTTTGATTGCATCACCATTTCGTTTGGTCTGCGTAACGTCACCGACAAAGATAAAGCACTGCGTTCAATGTATCGCGTGCTGAAACCCGGCGGCCGCCTGCTGGTGCTTGAGTTCTCGAAGCCAATTATCGAGCCGCTGAGCAAAGCCTATGATGCATACTCCTTCCATGTGCTGCCGCGTATTGGCTCACTGGTCGCGAACGACGCCGACAGCTACCGTTATCTGGCAGAATCC,2405825,NM4910,Coli
305=,21037849,16,0,203846,Coli,1.0,254,305,305,Coli,ATGGGTCGCATGGTTGCAAAGTCAGGCGGCTCAGGTCGCGGGGGTCAATCAGGCCATTGAACGTGTTGAAGCGCCTGCGGGTTCCGAAGATGCCACATTAATGATGGCCCGCGTGCAGCAACATCAAGGGCAAGCCTCCTACGTGGTGTTTGGCACACAGCTGGCGGCAGGTCATCACAACGAAAAATTCGATTTTGACGAGCAGGTTCTCGCTATTGCCGTCGAAACGCTGGCGCGCACCGCGCTCAATTTTCCCTGGACGCGAGGTATCTGATGCAGGAAATCTATCGTTTTATCGACGATGC,203541,NM4910,Coli
249=1X43=,22348398,0,0,2649947,Coli,0.9965870307167236,254,292,293,Coli,CAAAAGTCAGCTGGTTAGTGCTGCTGTAGTTGGTGAAGGCAATGGCGATGGTGCAGACCAGAGGGAAGAGGACGAATAATCCCATTCCAGCCATTCCCGGGTAAACATAGCGCCAGGCGTAGGCTTTACGATTGGCGAAAATATACAGCCCCGCTGAACTCAATATCAGCGTGGTAATGGCGAACAGGTATTCCCCTTGTGCGTACATTAAAACAACAAGGTAACCCACCAGCAGGCCGAGCAGACCTAGCACTGACCATTTCAGCGCGTCGCTTTGCCACCAATGTTTCTTT,2649654,NM4910,Coli
18=1X101=1X277=,22413482,0,0,1678760,Coli,0.9949748743718592,254,396,398,Coli,TATCCGCAGCAATCTGCAGGATGCCAAATGGTTGATCAAGAGTCTGGAAAGCCGTAACGATACGCTACTGCGCGTGAGTCGCTGTATCGTTGAACAGCAGCAAGCCTTCTTTGAGCAAGGTGAAGAATATATGAAACCGATGGTACTGGCCGATATCGCCCAGGCTGTCGAAATGCATGAATCGACGATATCTCGCGTGACCACGCAAAAATACCTGCATAGTCCACGAGGCATTTTTGAACTGAAGTATTTCTTTTCCAGTCACGTCAATACCGAGGGCGGCGGCGAAGCTTCCTCCACGGCGATTCGTGCGCTGGTGAAGAAATTAATCGCGGCGGAAAACCCAGCGAAACCGTTGAGCGACAGCAAGTTAACCTCTTTGCTGTCGGAACAAGGTA,1678362,NM4910,Coli
53=1X240=,22544975,0,0,107072,Coli,0.9965986394557824,254,293,294,Coli,AGGGCCGCAGCTTTTAAGGTCAGCCCTTCTTTATGCGCTTTTTTGGCGATCTCGGCGGCTTTGTCATAACCAATGTGGGTGTTAAGCGCAGTCACCAGCATCAGCGATTCATTGAGTAATTGATTGATTCGCTCACGATTCGGTTCAATACCCACTGCGCAGTGTTTGTTAAAACTTTCCATGCCATCTGCCAGCAAGCGCACCGATTGCAGGAAATTGTGGATCACCATTGGACGGAAGACGTTCAGTTCAAAGTTACCGGAAGCGCCCCCCATGTTGATCGCCACGTCGTTC,106778,NM4910,Coli
1S306=1X44=,22610856,0,1,631469,Coli,0.9943181818181818,254,350,351,Coli,TATGCCGCCGCCAATCAACAGTACATCAGTTTCCTGCTCCTCGGACGCTTTCGCTTTTGCCGCCATCGAAACGGCATTAAGCCCCACGGCCATCGAGAAGAGCATGGCAGTCACTTTTTTCATCTTGTTAATGCCTTACTTTTAGTCGCTTTATTGCAGGTGAGATTTGCGCGGCATCAACGGTAACACTTAAGTAACAACATTTAAATAATGTTTATAAATTATATTCTAATTTTAGAAACATTATAATTTCGTTGATTAATTATAGGGTTATTAGAAATGAAGGGATTTTTAGCATATTGACCTGACGGCAGCAGTCCGCCAGGTCAGCGTCGTAATATTATGCCGTCCG,631118,NM4910,Coli
54=1X42=1D180=,22741433,0,0,3747235,Coli,0.9928057553956836,254,276,278,Coli,GGCGGCTAGCCGGAACACTTCCGGTGTACGGCTATGACAAGCGATAACCGGGGTTGCCAGCCGCGACCAGGGCTTTACACAGGTTAAGTTCTTATTTAAAACAACAGATAATCGTTGATGATGTTACGGTTGATGTGGGTGATTAATACGTGATTTAACGTTGAGAGTTCAATGACGTTATTGTTGCACGCGAAGGCGGCCAGGTAGTTTTTCGGAAGGGTAAACGTAGCATGGTTATTGACGCTTACCTCTACCTCTTTTTCGGTCAGGATCACCA,3746957,NM4910,Coli
318=1X19=,22741528,16,0,266964,Coli,0.9970414201183432,254,337,338,Coli,CACCGTCATTTTCCACCACATGAAATTTGTTTTCGCCAACCAGACGACTGCCCGCTGGCGGCAGCGGCCAGGTGTTGGCTTTTGCCGGTAGCGCCAGCGCCACGGCAGCGGCGAACGTAAAAAACGTTAGCCAGCGAGAAAAACGCGTTTTGATCATCACCAAAAATCCATAATAAATATAAGGTTATTGTAATAAACAGATAAGCCTGAATTATGGATGGTGACAGTGTCGGATAGTGCAGGGAAGTGCAAAGAATTTGTAAATGTTGCAGATGGGGGCGCAGAAACGCCCCCGATTTACCATTAAGCGATCGCGTTCTCTTCCAGTTCACGCATAA,266626,NM4910,Coli
323=,23068854,16,0,3635555,Coli,1.0,254,323,323,Coli,GTTGGCGAAAAAATTATTACCGAGAAAAATGTTATAGCCATAGTCACAGCGAAACGTTGGCTCAATATAAGCCTCTGTCACCTGACCGAATAGATCAGCGAGAATTTGCTGGCGTAATGTGTGCTCTTCCGCCAGGGAATGATTGTATCGGTGAATAAGCTGACGAGCGCGCAGGCGATCGCGAGATAACGTCTCATCTGCCGAGCGATACAACTCACCAGCAATCATCTTTTCTTTTTCTGTGCTCATTACTGACCTCCGGTTGCTGAAAATGCGGCAACACAGTAAGACGAAAAGTCAGTGAAGAGAACGTTCCCATTACA,3635232,NM4910,Coli
173=1X2=1X146=,23134691,0,0,3550118,Coli,0.9938080495356038,254,321,323,Coli,GAAGCCAGAACATCAGAACCTACAAACGGTAAATTGGCGACCCGCAGCATTCCCTGCAAGGAACCATCTTCGCCCAGCGTACCGTGGACAATCGGGAAAATGACATCCACCGTCGGCAACGGCTGACCGTTTTGCGCGTCGATAAGCTGATGCTCATGTTTACCTGGCACCTGCGCAAGGCTGGTCGCCGAAGGGCGCAACGCAATATGGGCAGGATCGTCTGCATTTAGCAGATAATTGCTGGCATCGCTGACGTGCCATTGCCCTTGTTTATCAATGCCCAGCAGCACAACGTCGAAGCGACTTTTATCAATGGCATCGAC,3549795,NM4910,Coli
318=,23200102,16,0,346771,Coli,1.0,254,318,318,Coli,ATATGTCGCCATTGATGACCCGCAATTCTCTGATAAACGGGCGCAGGCTGTTTCATCAATATTTTCCTCCCGCGCTAAAGATCACATAATCTTAACAAGAATGTTAAAAAACGCTGGACTCAGACAGTAGAGTGTGTGTTATGGTTGACTATAAAGTCAGCGAAGGAAATGCTTCTGGCTTTTAACAGATAAAAAGAGACCGAACACGATTCCTGTATTCGGTCCAGGGAAATGGCTCTTGGGAGAGAGCCGTGCGCTAAAAGTTGGCATTAATGCAGGCTTAGTTGCCTTGCCCTTTAAGAATAGATGACGACGCCA,346453,NM4910,Coli
102=1D78=1I22=1I100=,23200485,0,0,337753,Coli,0.9901639344262296,254,302,303,Coli,TCATCAAGACGCCAGCCAATCACGTCAACCATCGGCTTGCCTGTTTGACCAACACCGACAATTTTGTCACCAACGCTGATAGCTTTACTCTTCGCTGCCGGACACCTGCCACCATCGAATTGATAACGGTGTAGTCATCATCCATTTGCAGCACTGCGCCAATACCTTCCAGCGACAAACTTCATTTCAGTGTTGAACTGTTCGGGTATTACGCGGGGAAAGATAGTTGGTATGCGGGTCGATTTCACGCGCAAACGCCGTCATTGCCAGCGAGAAAACATCTTCGCTGTTGGTTTGCGCCAGA,337450,NM4910,Coli
320=1X27=1X86=1X2=1X27=,23265760,0,0,2361743,Coli,0.9914163090128756,254,462,466,Coli,GGCGGGCATGACTGTACTGATTCACGTACTGGGATCGGATATCCCTCACCATAACCGAACCGTTTTGCGGTTTTTCAATGACGCGCTGGCCGCGACGAGCGAGCACGCGCGCGAGTTTATGGTTGTTGGCAAGGACGACGGCTTAAGTGATAGCTGTCCGGCGCTTTCTGTGCAATTTTTCCCTGGGAAAAAATCGCTGGCGGAAGCGGTCATCGCGAAAGCAAAAGCTAACCGTCAGCAGCGTTTTTTCTTCCACGGTCAGTTCAATCCCACACTGTGGCTGGCTCTGCTGAGTGGTGGCATTAAGCCCAGCCAGTTTTTCTGGCATATCTGGGGGGCAGACCTGTATGAGCTTTCCAGTGGCTTGAGATATAAGCTTTTTTACCCACTACGTCGCCTGGCGCAAAAGCGAGTCGGCTGTGTATTTGCCACCCGCGGCGATTTGAGCTTTTTTGCCAAAACGCAC,2361277,NM4910,Coli
241=1X108=,23593640,16,0,1686033,Coli,0.9971428571428572,254,349,350,Coli,ACATAATACTGCGCCAGCAGACGAATTTGCTTCATTAGGGAATTCCTTCACGACAACCTGCCCCAATAATACCCAATTCTGACAGTTACGTTATAAATTGTGTGAGAAATGCGGAATTCCCCTCAACGACCTACTCCGTTGGAGGTAGCCACGGACGTCCCAGCGCCGATCCCTGTACGCCATGTTCATTCAGATAGCGATCCAGCTCGACCATTCCCGTCCATCGATTTTCGCACCACAGCGGAGCAAGCAGCGTCGGGCGACGGGCGCTGGCGGAAATGCGGTGGTAGATCACTTCCGGTGGCGTATGGCGAATCATTTCTCCGGCAGTGAGCGTGTAATCCTCCAGT,1685683,NM4910,Coli
168=1D236=1D40=,23724228,0,0,2474651,Coli,0.9955156950672646,254,444,446,Coli,GCAAGACTTGCTACCGTTGGTCCGTGTCAGACACGCGCCTGGTTGTCGACCGCGAGCATACCCAGCGCGCGGGAGAATTTTTGCGTTAAATAGCCGGTTTCGTTACTCGACGCGGAAGCACACAGCATCCCGGTGGAGAGCCAGCGGTTAACAGTCACGCCTTCGGCGTTTGCGCAATGTAGTTAGCATCGCGGTCTTCTTTCATCAGTTTGGCGATGCGATCAAACGCCTCTTCCCAACTGATTTGCTGCCATTTATCAGAACCTGGCGCACGGTATTCCGGAAACTTCAGACGGCTTTCGGAGTGGATGAAATCCACCAGGCCAGCGCCTTTCGGACAAAGTGCACCGCGGTTGACCGGGTGATCCGGATCGCCTTCGATATGGAAGATAGATGCTTTGGCGTTTTTGCTCCGTCACCGAGGCTGTACATCAACAGCCCACA,2474205,NM4910,Coli
189=1X13=,23855619,0,0,3028462,Coli,0.9950738916256158,254,202,203,Coli,CTTCCCTGAATATGAAATAATATCCAGCGCCTCTGCGGAGGACCTTACCTTATTACAATTACGTCGTTCCGGATTAGTCATTGCTGATTTAGCCGGTGAAAGTGAAGATCCACGTTCTGTTTGTGAACATTATTATTCTTTAATCTCACAATATCGGGAAATTCACTGGGTTTTCATGGTGTCACGCTCCTGGTATTCCCAGG,3028259,NM4910,Coli
288=1X70=,24314623,0,0,2348978,Coli,0.9972144846796658,254,358,359,Coli,GTCTGGCCACTCTTCTTCGATCAGCGTTTGCAGCAAACGCATTTTTTCTTCGTTAGAAGGGTAGAAAAGCTCTTCTTTAATACGGTGGCCCGTTTTCTGTTCCGGTTCCACTTCAATATATTCGGCATTGTTCATCTGCTCGAACGCCAGTTCACGTACCCGGTACGAAAGCGTGGCGGAGAACAGCATGTTGAGGCGCTGGTTTGCAGGCGGCATACGGCGGAACAGCCAGCGGATATCTTTAATAAAGCCCAGATCGTACATGCGATCGGCTTCGTCCAGTACCACCACCTGAATGGCACCGAGGTTAATGTGGTTCTGCTTGGCGTAGTCAATTAAACGCCCCGTGGTGCCAATCA,2348619,NM4910,Coli
18=1X1=1X247=,24510916,16,0,1551494,Coli,0.9925373134328358,254,266,268,Coli,TCCATTGCTTCCTCCCTTAGGGTAAAATTTTACTAAACTATAGCAAAAGTTTTTCTCAATCCTGTAGGCTAAAAATGGAGAATGCAGGCGTGATCACATTCGTGAGCCGCTGTGTTACCGTTACAGCGTCAAAGAAACGCGCTTTATTTACTGAAAACAGGTGACCCGATAAGCACTTCCTCTACAATGGGGGCGCACATCAGGGAAAGTAAAAAAGGTAAACATGGCAACACTAAAAGACATCGCAATCGAAGCTGGCGTATCCCTG,1551226,NM4910,Coli
175=1X126=,24510979,16,0,2261768,Coli,0.9966887417218544,254,301,302,Coli,GATTAGTCCGCTACTCGGGCCGCATTGTCGTTTCACTCCAACCTGTTCAAGCTACGGAATTGAGGCATTGCGCAGGTTTGGAGTGATAAAAGGCAGTTGGTTGACGGTGAAACGCGTATTAAAATGCCACCCTTTACACCCTGGTGGTGACGATCCCGTCCCGCCCGGACCATTTGATACCAGAGAACACTAACGATGGATTCGCAACGCAATCTTTTAGTCATCGCTTTGCTGTTCGTGTCTTTCATGATCTGGCAAGCCTGGGAGCAGGATAAAAACCCGCAACCTCAGGCCCAACAGAC,2261466,NM4910,Coli
119=1X163=1X162=,24773339,0,0,2330,Coli,0.9955156950672646,254,444,446,Coli,ATCGTCGGGTATGGGCGCTGCTTCGCAGACAGGCAGAACTTGATGGTATGCCTGCGATCAATGCCAAACGTGTTTACCGGATCATGCGCCAGAATGCGCTGTTGCTTGAGCGAAAACCTGCTGTACCGCCATCGAAACGGGCACATACAGGCAGAGTGGCCGTGAAAGAAAGCAATCAGCGATGGTGCTCTGACGGGTTCGAGTTCTGCTGTGATAACGGAGAGAGACTGCGTGTCACGTTCGCGCTGGACTGCTGTGATCGTGAGGCACTGCACTGGGCGGTCACTACCGGCGGCTTCAACAGTGAAACAGTACAGGACGTCATGCTGGGAGCGGTGGAACGCCGCTTCGGCAACGATCTTCCGTCGTCTCCAGTGGAGTGGCTGACGGATAATGGTTCATGCTACCGGGCTAATGAAACACGCCAGTTCGCCCGGATGTTGGGA,1884,NM4910,Coli
14=1X92=1X263=,24904246,0,0,1342076,Coli,0.9946091644204852,254,369,371,Coli,GCCATATCTGCCCGCGTTCCCAAATTCTGTTTCGCCAGAATAGCGTCCACCACGCAAAGCGGTTTCAGTTCATCAAGCAATGAACAGGCGGGATCTACCATCACAGGAATGAATCCGCGTTCGGTAAGTTTCATCGCTTCCGCAGAGCTGGTTGCCAGGCGAGCAGTGACGCCTTCGACCGTCATTTCGCCATCGAACACGGCCTGGGCAAACGCCACGGTACAACGAATCACTGTCGGTTTTTCCACTTCCAGCATGATCACTTTAAAACCCGCATGATACAGACGTAGCGCCACACCACTGGCGATATCTCCCGCACCGCGAATCACCACCAGCTGGTGTCCGGAAGGATGAGAAGGTTTCATCATCAG,1341705,NM4910,Coli
170=1X80=1X68=1X84=,26607794,16,0,627773,Coli,0.9925925925925926,254,402,405,Coli,AACATACCGATCGATTCCGGCCCTTTTTCTTTCAGGGCGGTTTTGAATTTCTCTTCCATCACATCGAAGGCCTGATCCCAGGTGATTGGGGTAAATTCGCCTTCTTTGTCATATTTACCGTTTTTCATACGCAGCAGCGGCTGCGTCAAACGGTCTTTACCGTACATGATTTTGGGCAGGAAATAGCCCTTAATGCAGTTCAGGCCACGGTTAACCGGTGCGTCCGGGTCGCCCTGACAGGCCACCACACGTCCCTGCTGCGTTCCGACCAGAACGCCGCAACCAGTACCGCAGAAACGGCACGGCGCTTTATCCCATTTGATGGCTTCCTGCTGACCAACAACGGCGCGGGCAACGCCCGGCACGCTGAGACCGGCAGCCGCCGCAGCGGCCGCAACGGCGTTA,627368,NM4910,Coli
191=1X8=1D3=,26804939,16,0,29831,Coli,0.9901960784313726,254,202,204,Coli,GATACGTCCAGTCCCGATCCGTTATTTAATCCTCTAAAAACTGGCGTTTGCCAACTGGATAACGCGAACGTGACTGACGCGATCCTCAGCAGGGCAGGAGGGTCAATTGCTGACTTTACCGGGCATCGGCAAACGGCGTTTCGCGAACTGGAACGGGTGCTTAATTTTCCGCAATCAAACTTGTGCCTTAAACGTGAGAACAG,29627,NM4910,Coli
52=1I17=1D74=1D163=,26870462,16,0,259451,Coli,0.9902912621359224,254,306,308,Coli,AACCAGCCGAGCCACAACAGCCTGTCCCCACAGTGCCCTCGGTGCCGACGATTCCCGCAGCAGCCAGGCCAATTGAGCACGAAGATCAAACTGCACCGCCTGCGCCGCATATTCGCCATTATGACTGGAATGGCGCAATGCAGCGATGGTCAGTAAGATGCTTGGGGCTGACGGGGTGACTGCGGGTAGCGTCCTGCTGGTTGATAGCGTTAACAACCGTACTAACGGTTCGCTGAATGCCGCAGAAGCGACCGAAACGCTGCGAAATGCGCTGGCTAATAACGGGAAATTTACCCTGGTTTCCGCC,259143,NM4910,Coli
78=1X106=,27394820,16,0,3296616,Coli,0.9945945945945946,0,184,185,Coli,CCATTTAAAGTGGTACGCGAGCTGGGTTTAGAACGTCGTGAGACAGTTCGGTCCCTATCTGCCGTGGGCGCTGGAGAATTGAGGGGGGCTGCTCCTAGTACGAGAGGACCGGAGTGGACGCATCACTGGTGTTCGGGTTGTCATGCCAATGGCACTGCCCGGTAGCTAAATGCGGAAGAGATAAG,3296431,NM4910,Coli
119=1X186=1X73=,27525783,16,0,470962,Coli,0.9947368421052633,254,378,380,Coli,ATTCTGAAAAAAGAGACAACGATAACCTCGTTTTTAAATATGCCGACGTTATCATTGAGCCGAACCGAATCGAGTATGTTGCGAATGTGGATGGCAGGTCAGGGAACCATTCAAATCTCTGACCAAATGAATATCAAAGCCAAGACCGTTTCATCGCATAAAGGTAATATTAAACGTAAGATCAAAACGCATAATAAACAGGTTATCTACCATGTCGTCCGACTGACGGATAATGTGACTAATGGTATTTTTGTCAACATGCGCTAACACATTCTGACTGGTGGTTTCCCACCAGTCAGGCTGAATAAGATTACTCTGCTTTCTCCACAAAGATACCGTCCTGATGCCCTGCTTCATTAAAGAACCAGATGCCGAGCGGG,470582,NM4910,Coli
235=1X5=,28246506,16,0,3075527,Coli,0.995850622406639,254,240,241,Coli,TAGTGTTGCCCATAATTCCTCAAAAATCATCATCGAATGAATGGTGAAATAATTTCCCTGAATAACTGTAGTGTTTTCAGGGCGCGGCATAATAATCAGCCAGTGGGGCAGTGTCTACGATCTTTTGAGGGGAAAATGAAAATTTTCCCCGGTTTCCGGTATCAGACCTGAGTGGCGCTAACCATCCGGCGCAGGCAGGCGATTTGCAGTACGGCTGGAATCGTCACGCGATAGGCGCTGC,3075286,NM4910,Coli
42=1X2=1X169=,28443204,16,0,587540,Coli,0.9906976744186048,254,213,215,Coli,ATCCACTTCGATATCTGCCGCCACAATCACCAGATCCGCTGCTGCGACTTCTTCGGGAGTGATTGCATTACCCGCGCCAACAGAACCACGGGTTTCAACTTTCACCCACCAGCCACGTTTTTTCGCTTCGGTTTCAATGGCTTCAGCCGCCATAAAGGTGTGTGCTACGCCAGTCGGGCAAGCAGTCACCGCAACTACGCGTTTCGGACCGCTGG,587325,NM4910,Coli
293=,28443482,16,0,207855,Coli,1.0,254,293,293,Coli,TTATACGGCGCATTCAGTCTGGCGGTTGTGCTATCCATTGCCAGGATTGCAGCATCAGCCAGCTTTGCATCCCGTTCACACTCAACGAACATGAGCTTGATCAGCTTGATAATATCATTGAGCGGAAGAAGCCTATTCAGAAAGGCCAGACGCTGTTTAAGGCTGGTGATGAACTTAAATCGCTTTATGCCATCCGCTCCGGTACGATTAAAAGTTATACCATCACTGAGCAAGGCGACGAGCAAATCACTGGTTTCCATTTAGCAGGCGACCTGGTGGGATTTGACGCCATC,207562,NM4910,Coli
202=1X36=1X90=1X58=,28573916,0,0,132283,Coli,0.9922879177377892,254,386,389,Coli,AACCGGTAGCCGCCGTTCTGGAAGCAACCGCGCCAGATGGCTATTCCGGTGCGATTCAGCTGCTGGTGGGAGCCGATTTTAACGGCACGGTACTTGGCACGCGCGTGACAGAGCACCACGAAACGCCAGGGCTTGGCGATAAAATCGAACTGCGCCTTTCTGACTGGATCACCCATTTTGCGGGTAAAAAAATCAGTGGTGCAGATGATGCGCACTGGGCGGTGAAGAAAGATGGTGGTGATTTCGACCAGTTCACCGGCGCGACGATTACTCCCCGCGCGGTGGTTAATGCGGTAAAACGCGCCGGATTGTACGCTCAGACGTTACCGGCACAACTTTCTCAACTTCCTGCCTGTGGAGAATAAAGCGTGAGCGAAATTAAAGACGTT,131894,NM4910,Coli
185=1X79=,28770562,16,0,34674,Coli,0.9962264150943396,254,264,265,Coli,TTATATTTATCAGTCAATGTAATGTTATGAATTACGTCAGGTTATTGTCCAACCGGTACTTCTCGCTCTGCCGTCATTGGATAGAGCTGGTATTTGCGTGACAGCATTTGTCCACCATCACGCGTCAATGGTGTCCACGAAACCACCGCGCGGTTGCGGTTAGGTCCAATGGTCATCAAGTCGAATGGAATCGAGATATAAAAACCTTTACTAAAGCCGCCTTCGCCGTAGTCATCTTTAGATACGTTACTGATTGCCGCCCATA,34409,NM4910,Coli
16=1X18=1X29=1X428=,29361066,16,0,2314989,Coli,0.9939271255060728,254,491,494,Coli,TTAATGGCGGTGAGCAAGGTATTAAGAATTGCCGGGCCCGCTTTCCAGATCTCATCCAGAAAGACAATTTCTGCTTCCGGCAGGTAACCGCTGGTTAAACGTTCATAGCGCCCTTCATCTTTTAGCGCCTGAATAGAAAGGGGACCAAAAACTTCTTCCGGCGTGGAGAAGCGGGTCATCAGATATTCAAACGCGCGGGCATTCTGAAAGGCGAATTTTAAGCGCCGGGCGATCAAACTTTTGGCAATACCTGGCGGGCCAAGGAGGAACACACTTTCACCACTTAATGCCGCTAATAAACACAAGCGGATGGCGTGGCTACGTTCATAAAGCCCCTTTTCCAACGAACTGCTCAGGCGGGAAATTCTTTCCGCTAATAAATGAGGGTGAGCCATAATGAAGTGGCGTCCTTTCGTCAAAAGTTCTGCGTAAATTGCGAGTATAGACGTTTCTTGCTGGTGGCTAAAATAGTCTCAAAGGGGGGGTATTTTTCT,2314495,NM4910,Coli
457=,30015818,0,0,3573259,Coli,1.0,254,457,457,Coli,ATGGGTGTCTGGTTCCCGACGGTGCCGCACTGGATTTGGGTACTGAGCGTGGTGCTGATCATTTGCGCCGTAAACCTGATGAGCGTGAAGGTATTCGGTGAGCTGGAATTCTGGTTCTCGTTCTTTAAAGTCGCCACCATCATCATCATGATTGTCGCCGGTTTCGGCATCATCATCTGGGGGATTGGCAACGGCGGGCAACCGACCGGTATTCATAACCTGTGGAGCAACGGCGGCTTCTTCAGTAACGGCTGGCTTGGCATGGTAATGTCGTTGCAAATGGTGATGTTTGCTTACGGTGGGATCGAAATTATCGGGATTACCGCCGGTGAAGCGAAAGATCCTGAGAAATCGATACCGCGTGCGATTAACTCCGTGCCGATGCGTATTCTGGTGTTCTACGTCGGTACGCTGTTCGTCATTATGTCTATCTACCCGTGGAATCAGGTTGGCACTG,3572802,NM4910,Coli
152=1X128=1X5=1X39=,30081569,16,0,1656354,Coli,0.9908256880733946,254,324,327,Coli,AGCGCCAGTTCAAGCCCCATGTTGCTCATCAATGTACCCACAGCGCCACCACGCAGCTGGCCCTGACGAAGACCTTCACGCGCGATGATATACATGATCTGATCGCCATCGACTTTATTGCCTTCATGGTCAACCATAATCACGCGATCGCCATCGCCGTCGAAGGCAATACCGAGATCCGCTTTTTCAGCCAGCACACGAGCCTGGAGCGCGCGAACGTCGGTAGCCCCCACTTCGGCATTGATGTTTACACCGTTTGGCTCACAACCGATAGCGATAACGTTCGCCCCCAGTTCGCGCAGCACGTTCGGCGCGATGTGATAAGTC,1656027,NM4910,Coli
190=1X161=,30147094,16,0,2159962,Coli,0.9971590909090908,254,351,352,Coli,AGATCGCACCCATCTCTACCCCATCGGAGAACTACTGCCGGGCGTTTATGCCACGGTGGAAGGCGAAGTGCTGAACTGCAATATCTCCTTCGGCGGTCGGCGGATGATGACCTGCCAGATCAGCGACGGTTCCGGCATCCTCACCATGCGCTTTTTCAATTTCAGCGCGGCAATGAAAAATAGCCTGGCGGCGGGCCGCCGTGTACTGGCTTATGGCGAAGCAAAGCGCGGTAAATATGGTGCGGAGATGATCCACCCGGAATACCGCGTGCAGGGCGATCTCAGCACGCCAGAATTACAGGAAACGCTCACGCCGGTTTATCCAACAACGGAAGGCGTAAAGCAGGCCACG,2159610,NM4910,Coli
228=1X83=1X17=,30540206,16,0,2637304,Coli,0.993939393939394,254,328,330,Coli,CAGTGCGGAAAGCTCCATCAGCAGAGATTGCGTCAGCAACGTATCGCCAGTGGAGGTTGAACCGGTGGTATCAAGGGTTAATGCCACGCTCACTTCTGACGTGGTGATTAAGTCTACCGAAATATTATGCCGCGCGAGGATGCCGAAAACTTCCGCGAGGAAACCGCGAGAATGCAGCATATTCAGGCTGTGCAAAGTGAGCAGAGTCTGATTGCGACGAAGCGCCAGAGCGCGGAACAGCGGCGGATTTTCAGTTTTATTGCACACCAGCGTACCACCTGCGCGTGGGTCTTTGCTGGAGCCGACAAAGACCGGGATATCGCTGCGTAC,2636974,NM4910,Coli
289=,30540569,16,0,135371,Coli,1.0,254,289,289,Coli,GCTGGGAGGTTTCACTCCAGACCTGATGATATGTGATATCGCGATGCCACGAATGAACGGGCTTAAACTGCTGGAGCATATACGTAACAGAGGCGACCAGACCCCAGTTCTGGTGATATCTGCCACTGAAAATATGGCAGATATTGCCAAAGCGTTACGTCTGGGCGTTGAAGATGTTTTGCTGAAACCAGTTAAAGATCTGAATCGCTTGCGCGAGATGGTTTTTGCCTGTCTCTATCCCAGCATGTTTAATTCGCGCGTTGAGGAAGAGGAAAGGCTTTTTCGCGAC,135082,NM4910,Coli
13=1X9=1X265=,30736983,0,0,112338,Coli,0.9930795847750864,254,287,289,Coli,TAGATCGTATGCCTGATGCTGTCTCCCTGGCACAACGTAATGCCCAGCATCTGGCGATCAAAAATATCCACATTCTGCAAAGCGACTGGTTTAGCGCGCTAGCCGGGCAGCAGTTTGCGATGATTGTCAGCAATCCGCCGTATATTGACGAGCAGGACCCTCATCTTCAACAAGGCGATGTCCGCTTTGAGCCGCTCACTGCGCTGGTTGCGGCAGACAGTGGAATGGCAGACATCGTGCATATCATCGAACAGTCGCGTAACGCGCTGGTATCCGGCGGCTTTCTGCT,112049,NM4910,Coli
306=1X41=1X8=,31326798,0,0,2817708,Coli,0.9943977591036416,254,355,357,Coli,CCGTCGTTTGTTGCGTAATCGCATCGTGCAGATACAGTCGCGCCTGGAAAGAGTTGAAAAGCAGCGTGAGCAGGGGCGGCAATCGCGTATCAAAGCCGACGTTCCTACTGTTTCGCTGGTGGGATATACCAACGCCGGTAAATCTACCCTTTTCAATCGCATCACCGAAGCGCGGGTCTACGCGGCAGACCAGTTGTTTGCCACCCTCGACCCGACGTTGCGGCGTATTGACGTTGCAGATGTCGGTGAAACCGTACTTGCAGATACCGTAGGGTTTATTCGCCACCTGCCGCACGATCTGGTGGCGGCATTTAAAGCCACGTTACAAGAGACGCGGCAAGCCACATTACTGCTGCA,2817351,NM4910,Coli
70=1X32=1X241=,31457391,0,0,936866,Coli,0.9942028985507246,254,343,345,Coli,GCGGAGCTGTAGGCGCGGCAGCGGGTTCTATGGTGAATGATAAAACCTTAGTGGAAGGTGTTTCTTTAACCTATAAGGAAGGCACCAAAGTGTATACCTCTACCCAGGTGGGTAAAGAGTGCCAGTTTACGACAGGTTTAGCCGTTGTTATTACCACGACGTATAACGAAACGCGTATTCAGCCAAATACCAAATGTCCTGAAAAGAGCTAATAATCAGGAGGAGTCATGAAGAAAGTTTTTCTTTGCGCCATCTTAGCCTCCTTAAGCTATCCGGCTATCGCCTCATCATTGCAGGATCAACTCTCTGCTGTCGCAGAAGCGGAACAGCAAGGTAAAAATGAAG,936521,NM4910,Coli
215=1X453=,31523757,0,0,2843237,Coli,0.9985052316890882,254,668,669,Coli,GTTCGGTTCCATCGGTACTCGCGACATCGCTGACGCTGTAACTGCAGCTGGCGTTGAAGTGGCTAAGAGCGAAGTTCGTCTGCCGAACGGCGTTCTGCGTACCACTGGCGAACACGAAGTGAGCTTCCAGGTTCACAGCGAAGTATTCGCGAAAGTGATCGTAAACGTAGTAGCTGAATAATTCGTTATTCAACGAGACGTAAAAACGCCGACCATTGGTCGGCGTTTTGCTTTCTATTTTTCGTCAGGTATTAGTTTCGCAAGTAGATCCATTCACCATTCTCTTGTGTCCATAAGTCAGGATGGTTTGCTGGCGTTAGATACATACGAGCGCAACTGATGTCTCGCTCCTGCGGCACTCGCTCGAAACCCAAACCCGAGTAGATTGCGGCTGAACTTGATAAGGAACGCAGACCAATTTTCAAATCATGGGGTAAATCAGAATACGCGTTTAGCAATGCAGCAATGATGAATCCGAGGGCATTAGAAACGCCTGTAACAGTGCGAAGTTGGTCGATATAAAGATCGATTGTTGGTAGTTCAGATGACCAGCAATTAGGCATTTGGGCAGGAAGGGTTACAACGTATCCTATCGTTTGGCCGGTATAGTCTGGAGTACCATAACCAGGTCCCAAAACCACTTCGTGTATTGTGTATTTACTGTTGGGT,2842568,NM4910,Coli
357=,31720268,16,0,1427919,Coli,1.0,254,357,357,Coli,AGAATATGTAAGGCAGTTTGAAGTTGCACGCCAAATGGCTGTAGCATTTGCCGGACTGAAAACGCGCTACCCGCATATCGACACGCTCTCTCTGGGAATGTCGGACGATATGGAAGCCGCCATTGCGGCAGGTAGCACGATGGTTCGTATCGGCACTGCAATTTTTGGTGCGCGTGATTACTCTAAAAAATAAGGAATTAAAGGAACGCCATGAATACGTTGACTTTCCTGCTTTCAACGGTCATTGAGCTGTATACCATGGTGCTGTTATTACGCATCTGGATGCAGTGGGCTCATTGTGATTTTTACAACCCCTTCTCACAGTTTGTAGTGAAGGTAACGCAGCCAATTATCGGG,1427562,NM4910,Coli
291=1X63=,31850855,16,0,2016303,Coli,0.9971830985915492,254,354,355,Coli,TACCAATGGCTATCGCTGTCAGGACCTGAAAGTAAAGGCTTTTAAACAGAGAGGTTTTCATAGGGTGTCCTTTAGTAAAACCACAGGTCTTGTAAGGTTATGGGGTACCTGCGGCCTTAAAATAACACCCAGACAACATCACAGAAATGTACCTGGATCATAATTGAAACAAAAAGGTTAAAAAGTTTGAGCTGGCTCGCACAAACCAGCACTTTTTAAAGTTTTGTAATCAGTTTGGGGTAGCTACTTTTCTTCCAGGTAACTCTCTTCGAAGATTTCAATAGGGAGTGGGCGAGCAAAAAGGAAGCCCTGGGCAATACCAACGCCCGCTTTTGCCAGCCAGTCGCGTTGTGCT,2015948,NM4910,Coli
10=1X70=1X7=1X215=,32702545,0,0,2329927,Coli,0.9901639344262296,0,302,305,Coli,TGGGAGGCTTAGAAGTGTGGACGCCAGTCTGCATGGAGCCGACCTTGAAATACCACCCTTTAATGTTTGATGTTCTAACGTTGACCCGTAATCCGGGTTGCGGACAGTGTCTGGTGGGTAGTTTGACTGGGGCGGTCTCCTCCTAAAGAGTAACGGAGGAGCACGAAGGTTGGCTAATCCTGGTCGGACATCAGGAGGTTAGTGCAATGGCATAAGCCAGCTTGACTGCGAGCGTGACGGCGCGAGCAGGTGCGAAAGCAGGTCATAGTGATCCGGTGGTTCTGAATGGAAGGGCCATCGCTCAA,2329622,NM4910,Coli
293=,32768093,0,0,1707737,Coli,1.0,254,293,293,Coli,AACCACTGGAAGTAGAAGTGACGCTCGATACCAGCACCTCTTCGTCGGCCAGCGCTGAAATGATCACGCCAGCGCTGGAAGGTGCAACGTTGAGCGATGGTCAGCTAAAAGATGGCGGCAAAGGTATTAAAATCGATGAAGTTGTCAAAGGAAGCCCAGCTGCTCAGGCTGGCTTGCAAAAAGACGATGTGATCATTGGCGTCAACCGCGATCGGGTGAACTCGATTGCTGAAATGCGTAAAGTGCTGGCGGCAAAACCGGCCATCATCGCCCTGCAAATTGTACGCGGCAAT,1707444,NM4910,Coli
217=1I128=,33096055,0,0,1765633,Coli,0.9971098265895952,254,345,345,Coli,CTACGCGGCGCAGCTCTTTCGCTTTAGGCAGAGTCGTCTTGATGATTTCATGACGAACCAGTGAACCTGCCATATTGCGGAACATAGCCTGGCGATGGCTGCTGTTGCGGTTCAGTTGACGACCACTCTTACGATGGCGCATGACCTTATCCTTCTCAGTAAAACCTTAACCTGTGATCCGGTTACTCGTCAGCGATGCTTGCCGGTGGCCAGTTTTCCCAGGCGCATGCCCAGAGACAGTCCACGGGAAGCCAGCACGTCTTTAATCTCAGTAAGAGATTTTTTACCAAGGTTAGGCGTTTTAAGGAGCTCAACCTCGGTACGCTGTACCAGATCACCGATATAG,1765288,NM4910,Coli
267=,33161983,16,0,475884,Coli,1.0,254,267,267,Coli,AAAGCATTCCCTCTCATTTTTATTGTTGAAGGGTGTAAGTATGAAGCAAAAACGGCAGCTCTGATACTTGCTTCACAGGTCAACATTTTTTTAACAATCAAGTGCAATTATATCTCTCGCCAGCAGAATGATTTTCACGTTTACTATGAACCACCTTTTTATTTCCACCGTGAGGGATTATGCGTTTCCGCCAGTTGTTACCGCTTTTTGGCGCGCTGTTTGCGTTGTATATCATTTGGGGCTCAACCTATTTTGTCATTCGGATTG,475617,NM4910,Coli
358=,33555351,16,0,1726539,Coli,1.0,254,358,358,Coli,ATGAAGTGCTGGAGCATTTTTTCAGTCACGAAGAAGTCGGCGATAACGCCGTCTTTCATTGGGCGAATGGCAGCAATATTGCCCGGCGTACGGCCCAGCATCTGCTTCGCGTCATGACCTACTGCAGCTACGCTTTTCGGTGAACCGGCACGATCCTGACGAATGGCCACCACGGAAGGCTCATTCAATACGATGCCTTGTCCTTTTACATAAATGAGGGTATTCGCAGTACCCAGGTCAATGGACAAGTCATTGGAAAACATGCCACGAAATTTTTTCAACATACTAAGGGATAATCCTGAAAGCTGGGGCGGAAAAGAAAATCCGCTTACTTTACCAACCACACGCAGCAGCGACA,1726181,NM4910,Coli
158=1D173=1X11=,33817383,16,0,3079463,Coli,0.994186046511628,254,342,344,Coli,ATCAAGGAAGCTTATGAAGTTCTGACCGACTCGCAAAAACGTGCGGCATACGATCAGTATGGTCATGCTGCGTTTGAGCAAGGTGGCATGGGCGGCGGCGGTTTTGGCGGCGGCGCAGACTTCAGCGATATTTTTGGTGACGTTTTCGGCGATATTTTGGCGGCGGACGTGGTCGTCAACGTGCGGCGCGCGGTGCTGATTTACGCTATAACATGGAGCTCACCCTCGAAGAAGCTGTACGTGGCGTGACCAAAGAGATCCGCATTCCGACTCTGGAAGAGTGTGACGTTTGCCACGGTAGCGGTGCAAAACCAGGTACACAGCCGCAGACTTGTCCGACCTG,3079119,NM4910,Coli
7=1X41=1X260=1X5=,34275566,0,0,2324776,Coli,0.9905063291139241,254,313,316,Coli,GACAAGCTTTAAATGCCGCGTCGCCATCGCTTTGGATAATCGCATCGACAATCGCCTGATGCAGATCCAGCTTTATCACTGTGTCGCTGGTAATTGACGTGAAGTAAGTGTGATAAACCGAATGGAATAGCGAGGCGAATGAGGTCAAAAACGGATTGGCGCTCATTTCATAGATATGCTCATGCCAGGCCATATCGACTTCGATCCAGCGTTCACGGCGAAAGTTCTCTTTTAATGCCGCCATTTCGGCCATTAACGTATTGAGATGCGCTTTCTGTTCCGCGGTGCCAACCGTTGCTGCCAGTAGGCAGGCTTG,2324460,NM4910,Coli
108=1X88=1X64=1X70=,34865561,16,0,3536976,Coli,0.990990990990991,254,330,333,Coli,CTGTAGCGAATGATTACAGCCAGTACGTTACCTCGCGCTTCGTGCAATAAAAGGAGGCGCAGATGCTGCAAATCTCTCATCTTTACGCCGATTATGGCGGCAAACCGGCACTGGAAGATATCAACCTGACGCTGGAAAGCGGCGAGCTACTGGTGGTGCTGGGGCCGTCCGGCTGCGGTAAAACCACCCTGCTGAATCTGATTGCCGGTTTTGTGCCTTATCAGCATGGCAGCATTCAACTGGCGGGTAAGCGTATTGAGGGACCGGGAGCAGAGCGTGGCGTAGTTTTTCAGAATGAAGGGCTACTACCGTGGCGCAATGTACAGGACAACG,3536643,NM4910,Coli
46=1X350=,34996647,0,0,605039,Coli,0.9974811083123426,254,396,397,Coli,GATTGAGAGTTGTAATGAAGTCACTTATTTTCCCCGGAAGCACATTCACTTCACAATTTGTTTACATCAATTTTAACACATCATCAACAATCCGTCTTTATACAGATCGTAAAGATTGATGCCTCGCCTGCGTGGCCTCTATGGCTCTGATTTAAGTAATATCTGCGGGCGTGGTCACGTTTGCGGGGCTATATGTACCCGTTTCTGCGATCTAACTCAACCTTTTTAACTACAATGATGTGACTTTTTACATAAATTGATTTTACATAAAATAAACATATATCGGGGGAATGATAGATTTGTGGTTGACATGCATCAACAAAGGAAGCCTTTTAGCTTCCTCGTTGTGCAATAGATCACCGTTTTTTCGGCCGACTGGCGTACAGACAGAAGAGAA,604642,NM4910,Coli
210=1X20=1X120=,35652475,16,0,4113118,Coli,0.9943181818181818,254,350,352,Coli,GGTGGCGGCGCTCGCCATTATTATGATCCGTGGCCTCGACGTGCTGATGATTTTCAATACGCTGGGCGTGCGCGGTATTGGCGAGTTCATTCATCGCAGCGTACAAACCTGGAGTTTAACGCTGGTCTTTTTAAGCAGTCTGGTGCTGGTTTTCATTGAGATCTGGTGTGCGTTTTCACTGGTGAAAGGGCGTCGCTGGGCGCGCTGGCTATATCTGCTGACACAAATCACCGCCGCAAGTTACTTGTGGGCGGCTTCGCTGGGGTACGGTTATCCGGAGCTGTTCAGCATTCCCGGTGAATCAAAACGTGAAATCTTCCATAGCCTGATGCTGCAGAAGCTGCCGGATATG,4112766,NM4910,Coli
30=1X116=1X147=,35783380,0,0,4094574,Coli,0.9932203389830508,254,293,295,Coli,ACCTGTTTTTTACTGGAAAGATTCGCCCGCTGTGAGCGGCATGGCCTTCTATAACAGCGATAAATTCCCCCAGTGGCAGCAAAAATTATTTATTGGCGCGCTGAAAGATAAAGATGTCATTGTGATGAGCGTCAACGGCGACAAAGTGACAGAAGATGGCCGTATTTTAACGGACAGAGGGCAGCGAATTCGTGATGTTCGCACTGGACCCGACGGTTATTTATACGTTCTCACCGACGAGTCCAGTGGGGAATTACTTAAAGTTAGCCCACGCAATTAGCTAACGGGAATCATC,4094279,NM4910,Coli
376=,35913841,0,0,96611,Coli,1.0,254,376,376,Coli,TGCCAGTTGTTCGTCCAGTACGTCTTGCACATCATTGATCAATTTTTTCATTATTTTGCTCCAGCAATTACGGTAGGGCATGGATGATGTTCAACGACACGGCGACCACTGACTGCCGATGAATCCATTGTGCATCAGGCAAGGGAAAAGAAAATTAGCCCAAATTATGTTTCATAGTGAAACATATGCTTTAATGAATGTTCCATATTGAAACTTTTACGTGTATTAATACTTAAAATTGCGAGCCGGAACACCTTTTGTCATAAGGGATGCGGGATATGAGTGGCGCTTTTAACAACGATGGTCGGGGCATATCTCCCTTAATTGCAACCTCCTGGGAGCGATGCAATAAGCTGATGAAACGGGAGACATGGAA,96235,NM4910,Coli
55=1X206=1X125=1X10=,36176283,16,0,1008078,Coli,0.9924812030075189,254,396,399,Coli,CGCAGGTTTACGCAAAATGCCGCTCATTTATGAGTAAACCTTTCACTATTATTACGTTTTTTCAAGCTGGGACGCGCACGACACAGAGAATTAACTAATTGAAAAAATTAAAGATTAATTATCTGTTCATCGGCATTCTGGCACTGCTGCTCGCGGTCGCTCTCTGGCCATCCATTCCCTGGTTTGGTAAAGCCGACAACCGTATCGCCGCCATTCAAGCGCGGGGAGAGTTGCGTGTGAGCACCATTCATACTCCCCTGACTTATAACGAAATCAACGGGAAACCTTTTGGCCTGGATTACGAACTGGCGAAACAGTTTGCCGATTACCTCGGCGTAAAACTGAAAGTGACCGTGCGGCAGAATATCAGCCAGCTGTTTGACGACCTTGATAATGGTA,1007679,NM4910,Coli
184=1X91=1X22=1D28=,36176697,16,0,1260229,Coli,0.9908536585365854,254,325,328,Coli,GTTCACCAGAGAGAAAGGCTGGGTAAATTTCCCGTCTTTATATTGCTGTCCGCGATCGGTTGGTTTGGAAGAGCAGGCGGCAAGCATTGCCACAACCGTGCCCATAAGAAGGTACTTTACCCAACGTCCTTTCATTGTTCTCTTCTTCAGGTTAAAAAATAAGGCGCAACGAAGATAACAAACCGCCGCGTTTAATGAAATGAGCAGCCTCTCCCTGACGCAAATTTTGCACAAAAAATAGGCTTTAGTGATTTGTTTTTGTTCAAAATCATGCCAAATCCGTGATCGGGGTAAAAAAAGGTTGCATGAAAACGCGAGCGGAGTATA,1259901,NM4910,Coli
226=,36307877,0,0,217570,Coli,1.0,254,226,226,Coli,TCAGGCGTTTGAATTGCCTCTGGTAACCAGCGTCGGTTATGAAACGCCTGGCTCTTTCGGCAGTTGGTGTGCAGATCTGAACTTGCATTGCATCACCGCAGAGTTTCCGCCCATCTCCTCCGACGAAGCCAGCGAAAAATATCTCTTTGCGATGGCAAACTTGCTGCGCTGGCATCCTAAAGATGCAATTCGCCCGTCGTGAACTGAAGCGCCGGTTCCACATCTA,217344,NM4910,Coli
268=1I34=1D76=,36569281,16,0,2029972,Coli,0.9947368421052633,254,378,379,Coli,GCGCCCGTCAGCAGCTTAGCGTTCAGCAACAAAATGGTATCTGGACATTAGTTCAAAGCGAAGAGGCGGAGATCCAACCACGCAGCGACGAAAAACGCATTCTGAGTAATGTTGCTGTACTGGAAGGTGCGCCGCCGCTATCGGAACACTGGCAACTGTTCAACAATAACGAAGTCCTGTTCAATGAAGCCCGTACCGCTCAGGCGGCGACGGTGGTCTTTTCTTTACAGCAAAATGCGCAAATCGAGCCACTGGCCCGCAGCATTCAATACCCTGCGTCGCCAGCGCGGTAGTGCGATGAAATCCTCGTGCGGGAAAATACCGCTAGCCTGCGCGCCACCGATGAACGTTTGTTATTGGCCTGCGGTGCAAATATGGT,2029593,NM4910,Coli
251=1X67=,36635255,0,0,568271,Coli,0.9968652037617556,254,318,319,Coli,AAACGTCCATCACCACCACGCCAATGGTGTCGCTAACCTGAGTTGCCAGCGCCTGGGCATTGGCGTTTGGCCGATAATCCAGCTCACTCACGGCTTTCATTACTGCTTCACGCGTGTCGGCACTGACCAGCGTGCTGTTATTGAGCACCCGGGAAACCGTTGCCACAGAGACGCCAGCCTGACGCGCTACATCACGAATGGTGATCATATTCACTACCTGTTATGAGATTGCAGTAAATGACTGCTTGCTGGCGGCTATTTTGTCAGCACTGAATACAGGACTTCGTGAATCGAGTCACAGCAATGGAAACGGTTACAG,567952,NM4910,Coli
87=1X77=1X149=1S,37225392,16,1,1963986,Coli,0.9905063291139241,254,313,315,Coli,CATGCTTAGCACCATCGAGTATGCACCGGTGTGGATCATCATGGCGGTCGCGCTGGCGTTAGGTATCGGTACGATGATTGGCTGGCGCCGTGTGGCAACGACTATCGGTGAGAAAATCGGTAAGAAAGGCATGACCTACGCTCAGGGGATGTCTGCCCAGATGACGGCGGCAGTGTCTATCGGCCTGGCGAGTTATACCGGGATGCCGGTTTCCACTACTCACGTACTCTCCTCTTCTGTCGCGGGGACGATGGTGGTAGATGGTGGCGGCTTACAGCGTAAAACCGTGACCAGCATTCTGATGGCCTGGGTGTTA,1963671,NM4910,Coli
195=1X110=2X22=,37290120,16,0,2438699,Coli,0.990909090909091,254,327,330,Coli,AATCGACTGGGATCTGGCCCTGATCCAGAAATATAACTATTCCGGGCCACGATACACCTCGTACCCGACCGCGCTGGAGTTTTCAGAAGACTTCGGCGAACAGGCGTTTTTACAAGCCGTGGCGCGCTATCCTGAGCGTCCATTATCTCTCTACGTACATATCCCGTTCTGCCATAAGCTTTGTTACTTCTGCGGTTGCAATAAGATTGTTACTCGCCAGCAGCACAAGGCCGATCAGTATCTGGACGCGCTGGAGCAAGAAATCGTCCATCGTGCACCGCTGTTCGCCGGGCGTCACGTCAGCCAATTGCACTGGGGCGGCGGAACGCC,2438369,NM4910,Coli
253=,37552738,16,0,3127086,Coli,1.0,254,253,253,Coli,ATGGTGGCCAGGAGAGTGGGGATACGTTTTTTCATACGTTGATTTTATTGTTCCATCATCGGTAACGTTGCGCGTGACAAACGGTCAGAGACTAACGTACTCGTCATCTCTACGCTAGTGTTAATCCTGTCCGAATAGCGTCAGTGGTGTTAGGCACGGCATTGAATGACAGGTATGATAATGCAAATTATAGGCGATGTCCCACAATTGACCGCAGCCGGAAAACGGTAAAAGCACCTTTATATTGTGGGAG,3126833,NM4910,Coli
105=1X158=1X12=,38011852,16,0,362349,Coli,0.9927797833935018,254,275,277,Coli,GCCGACGCGTGCAGAAGTCATGGACGTAGCAAACGCCGTTCTGGATGGTACTGACGCTGTGATGCTGTCTGCAGAAACTGCCGCTGGGCAGTATCCGTCAGAAACCGTTGCAGCCATGGCGCGCGTTTGCCTGGGTGCGGAAAAAATCCCGAGCATCAACGTTTCTAAACACCGTCTGGACGTTCAGTTCGACAATGTGGAAGAAGCTATTGCCATGTCAGCAATGTACGCAGCTAACCACCTGAAAGGCGTTACGGCGATCATCACCATGACCGAA,362072,NM4910,Coli
414=,38142558,16,0,3024003,Coli,1.0,254,414,414,Coli,GGAAAGCCTCGTTATCAAAATAGGTCCGCTCGAGACTTTCGCCGTAGATATAAACCAGGTTGAGTTTCGGGTCAGGGATAGTTTTCGACGGCTCTTTATAATAAGCCGCAAAGTCCGGGTCGCCGTCGCGTGACTGGGATTTCACCAGTTCCGTTATCTGACGAAATGCCGGGCTGGCGTCCACCGAACCCAGCGCCAGTAAGAGCGCCAGCAGGCTGTAACCAAAATGGTGCGGATGATGGCGACGACGGCGCAGGATCCAGCCCAGCGCACCGAACACCGCTGTCAGCCCCAGCACAATGCCGATACCCGGCAAAATGTATTTGCTGACGCCAGCACCGGTCAGGCTGTTGGTTAAGGTATAGAGAACCGCGTCGTTAATACCATCGCCAGTAAAATAGTCGCTGGCAAACA,3023589,NM4910,Coli
198=1X88=,38535414,16,0,82945,Coli,0.9965156794425089,254,286,287,Coli,CAGAGTGGGTAAAGGTGATTACGACATTGCGATTGGCAACTGGAGTCCGGATTTTGCCGACCCGTATATGTTTATGAATTACTGGTTTGAGTCAGACAAAAAAGGTCTGCCGGGTAACCGCTCGTTCTATGAAAACAGTGAGGTCGATAAGTTACTGCGCAATGCGCTTGCGACCACCGACCAGACGCAGCGTACCCGGGACTACCAGCAGGCACAGAAAATCGTCATTGATGACGCTGCTTATGTGTACCTGTTCCAGAAAAACTACCAACTGGCGATGAACAAAG,82658,NM4910,Coli
218=1X128=,38535495,16,0,2350778,Coli,0.9971181556195964,254,346,347,Coli,ATCCGCCGTTTCAACCTCCGCACTGGTGATACCATCTCTGGTAAGATTCGCCCGCCGAAAGAAGGTGAACGCTATTTTGCGCTGCTGAAAGTTAACGAAGTTAACTTCGACAAACCTGAAAACGCCCGCAACAAAATCCTCTTTGAGAACTTAACCCCGCTGCACGCAAACTCTCGTCTGCGTATGGAACGTGGTAACGGTTCTACTGAAGATTTAACTGCTCGCGTACTGGATCTGGCATCACCTATCGGTCGTGGTCAGCGTGGTCTGATTGTGGCACCGCCGAAAGCCGGTAAAACCATGCTGCTGCAGAACATTGCTCAGAGCATTGCTTACAACCACCCGGA,2350431,NM4910,Coli
28=1X95=1X113=,39125217,16,0,3138949,Coli,0.9915966386554622,254,236,238,Coli,TGCCATCAACCTGACCGCAAATACCTTTAACTGCCCGCTCGCCAACGCTCTGTTTGTCGGCAATCAGAATGTCGCAGGTGGAAGTACCGATAACTTTTACCAGTGCGTTAGGCTGTGCGCCTGCGCCAACTGCGCCCATATGGCAGTCAAACGCGCCGCCGGAAATCACCACGCTTTCAGGCAGGCCGAGACGCTGCGCCCATTCCGGGCATAAGGTGCCCACCGGAATATCGGCAGT,3138711,NM4910,Coli
368=,39125807,16,0,471289,Coli,1.0,254,368,368,Coli,CCTGATGCCCTGCTTCATTAAAGAACCAGATGCCGAGCGGGTAGTCTTCCAGCGAAACCAGGTACATTGTGCCTTCACTAAACTCCTCAACTGCCAGTACCACGCCAGGACGACGCGGACCGCCATCCGTTTTGACTGTTACCCGATCATTCACCTTCATCGTTTTCCTCCTGTGGCTTTGTGCCAGTGTAGAACAATTTCGTTTTTCTGGCAGCGCCAGGCGCGCGCGAGTGCTGATTTTCTCGACGGTCTATACTTAAGAGATGCCAGGCGGACTTAACGACTGGCGGCAACAACAGAGTAACGGTTGCGAGGAAAGATGATGAAAACCGCAAAAGAGTACAGCGATACCGCAAAACGTGAGGTCA,470921,NM4910,Coli
204=1X25=1X14=1X81=,39715102,16,0,2356386,Coli,0.9908256880733946,254,324,327,Coli,ACTGATCGCCCAGTGGCATAGCGGCGAAACTCTGGTTGTTGAGCCTAACATCCACCAGTTGCCGAAAAAACTGACCGGGCTTTGTACTCTGGCGCAGCTTGACGAGGCGCTGGCAACGGCAGACGTGCTGGTGATGCTGGTCGATCATAGTCAGTTCAAAGTTATCAATGGCGACAATGTCCATCAGCAGTATGTCGTCGATGCCAAAGGAGTCTGGCGCTGATGAGAAAAATTCTGATAACAGGTGGTGCCGGGTTTATTGGCTCGGCGCTGGTGCGTTATATCATCAACGAAACGAGCGACGCGGTGGTAGTGGTCGATAAGCTG,2356059,NM4910,Coli
105=1X178=,39912161,0,0,158613,Coli,0.9964788732394366,254,283,284,Coli,AACCATCATTACAGACAAATTTGCCGCCTGCCGTACAGTGTGAGATCCCCCCTTTCGAACCAGAACAGGGTTTGCGCCCGGCATCGGCATAAAAGGAAACAAGCGTTCCCATAAACAAAATAAGTGCCAGTTTTTTCATATAACCTCCATGGTTTATCGAATCTTATGTTCGATTTGAACGTTATACGCTGGTTTATTTTGATACCGTTGATGAGATCAAAGATCGGGTGAATTGATTAAAAATAAGCCAGATGGACGTATGGGCAAGGATTATGGTTTTATTT,158329,NM4910,Coli
63=1X94=1X125=1X52=,39977897,0,0,4086535,Coli,0.9910979228486648,254,334,337,Coli,CTGGTGTTGAAACAGCAAACCTTTATTGAGTCAGCACGCAGTATTGGTGCCAGCGATATGACCGTTTTGTTGCGTCATATCCTGCCTGGGACCGTCTCTTCTATCGTGGTGTTTTTCACCATGCGCATTGGTACCTCGATTATCTCTGCCGCCAGCCTCTCATTTCTCGGCCTCGGTGCGCAGCCGCCGACACCAGAGTGGGGAGCAATGCTCAATGAGGCTCGAGCGGATATGGTTATCGCGCCGCATGTCGCTGTTTTTCCGGCCCTGGCTATTTTTCTGACCGTACTGGCGTTCAATTTGTTGGGCGATGGTTTACGCGATGCGCTGGATCCGA,4086198,NM4910,Coli
89=1X250=,40108218,0,0,141020,Coli,0.9970588235294118,254,339,340,Coli,AATCTGAACTGCTGTCGAATAGAAAAAATTCACCGTCTGACGCGGATAAATTGCAACGATGGAAATTAGCCCAAGAGCGCATAATAGAGAGGTGAGTTTTTTTCGACTGGTAATTCTTAGCTGCATTGGTTTCATCCCTGAATGTCAGTGCCAAAGGCTGACAATAACCAAAGCAGCTATAGTACGGTGCTCACCACCAGGCGTGGAAGTGGTGAACCGGACCAATACCGTGACCAACTTCCAGCGTGTCGGCCTGGGCTAACGCCGATGAAAGCCAGCTTTTTGCCTCCTGTACGGTGTCAGCCCAGTTTGTATGGCGCGGGCGTAGTGCAGCCAACGC,140680,NM4910,Coli
84=1X10=1X214=,40501415,0,0,643791,Coli,0.9935483870967742,254,308,310,Coli,GGTGGCAGATTTTTCTTCAGCACCAGCTCCCGGAACCCTTCCGTATAGCCAAACCAGGAGCGTTCCTGCATCCAGCGAGGATCGCCCTTAATTTTACTTTCTGGTCCGGTAAGCGAAATCAGGGTATGACCATTTTCATCAAGAATGGTAACCCCCATCGGCAACGTACCCGGTAAGAAAAAGTTCTCCATCCGGATGGTCTGCTCGACACCCAAAAGCGCCTGCAACCGGTTCGCCAGATAAACTGGCGTCAACGCGTAAAAATACCCGACGCCAGGGCGCGGACCTTCGCTGATCCAGTAGAGGTTAC,643481,NM4910,Coli
191=1X17=1X32=1X168=,40894980,0,0,2555989,Coli,0.9927007299270072,254,408,411,Coli,ACGCTTAGCGGGCAAATTCGTAAGCTGGAAGATGAGCTGGGCGTGATGTTGCTGGAGCGGACCAGCCGTAAAGTGTTGTTCACCCAGGCGGGAATGCTGCTGGTGGATCAGGCGCGTACCGTGCTGCGTGAGGTGAAAGTCCTTAAAGAGATGGCAAGCCAGCAGGGCGAGACGATGTCCGGACCGCTGCACATTGGTTTGATTCCCACAGTTGGACCGTACCTGCTACCGCATATTATCCCTATGCTGCACCAGACCTTTCCAAAGCTGGAAATGTATCTGCATGAAGCACAGACCCACCAGTTACTGGCGCAACTGGACAGCGGCAAACTCGATTGCGTGATCCTCGCGCTGGTGAAAGAGAGCGAAGCATTCATTGAAGTGCCGTTGTTTGATGAGCCAATGTTGCTG,2555578,NM4910,Coli
143=1X191=,40960178,0,0,2359,Coli,0.9970149253731344,254,334,335,Coli,GCACATACAGGCAGAGTGGCCGTGAAAGAAAGCAATCAGCGATGGTGCTCTGACGGGTTCGAGTTCTGCTGTGATAACGGAGAGAGACTGCGTGTCACGTTCGCGCTGGACTGCTGTGATCGTGAGGCACTGCACTGGGCGGTCACTACCGGCGGCTTCAACAGTGAAACAGTACAGGACGTCATGCTGGGAGCGGTGGAACGCCGCTTCGGCAACGATCTTCCGTCGTCTCCAGTGGAGTGGCTGACGGATAATGGTTCATGCTACCGGGCTAATGAAACACGCCAGTTCGCCCGGATGTTGGGACTTGAACCGAAGAACACGGCGGTGCGGAG,2024,NM4910,Coli
241=1X16=1X100=,41615480,16,0,3970121,Coli,0.9944289693593314,254,357,359,Coli,TTTCTATTGCGCTGGCGATGATCTCCCTGTTGATTTCAGAATGGCTGGCCAGAATCAGCCGTGAACGGGCGGGGCGCTAATCATGCTGGAACTGAATTTTTCCCAGACGTTGGGCAACCATTGCCTGACTATTAATGAAACGCTGCCCGCCAATGGCATCACTGCTATCTTTGGCGTCTCCGGTGCCGGAAAAACTTCGCTGATTAACGCCATCAGTGGACTGACGCGCCCGCAAAAAGGGCGGATTGTCCTCAATGGGCGGGTACTAAATGATGCCGAAAAAGGTATCTGCCTGACGCCGGAAAAGCGTCGCGTTGGCTATGTTTTTCAGGATGCGCGGCTGTTCCCGCATTACAAAG,3969762,NM4910,Coli
17=1X225=,41878138,0,0,4094064,Coli,0.9958847736625516,254,242,243,Coli,TCAAAAGTGACCGACTTCCGCACCGTCTTTCGCCAGATGCCAAAACTGTCTACCGGCAACCATTTTGGCGGGCGGCTGGTATTCGACGGTAAAGGTTATCTTTTTATTGCTCTGGGCGAAAACAATCAGCGCCCGACGGCGCAGGATCTGGATAAATTACAGGGCAAACTGGTGCGTCTGACCGACCAGGGCGAAATCCCGGATGATAATCCTTTTATAAAGGAATCCGGTGCGCGCGCCGAG,4093821,NM4910,Coli
144=1X114=,42205712,16,0,2500988,Coli,0.996138996138996,254,258,259,Coli,ATCAGCAGCCGCTGGTTGCCACTGCCAGGTGGTTTGCGCGGGCATGAATACCTGGCGCGTCGGGTAACGGAAAGCGAACTGGTACAACGCAGCCCATTTATGATGCTGGCAGAAGAAGTACCTGAGGCGCGGGAACATATGGGACGCTACGGGCTGGCGATGGTACGGCAGAGTGATAACTCATTTGTATTGCTGGCGACACAACGAAATCTACTGACGCTTAACCGTGCTTCAGCCGAGGAAATTCAGGATCATCAGT,2500729,NM4910,Coli
49=1X112=1X80=1X111=,42861414,0,0,3667990,Coli,0.991549295774648,254,352,355,Coli,TCCCTGGAGTGATGGGAATTGCCGCGTTCTCACCACCGCTGGACGAAGATGGCAACAGTGTTCGCGGTCAAAAAATGGTGGCATCGGTCGCTAAGCAACTCGGCTATAACGTGTTTAAGGGCTGATCATGATGAACACGGAAGGTAATAACGGTAACAAACCTCTCGGTCTATGGAACGTCGTTTCCATCGGCATTGGGGCAATGGTGGGGGCGGGGATCTTCGCGCTGCTGGGGCAGGCTGCATTGCTAATGGAAGCCTCGACCTGGGTCGCCTTTGCTTTTGGCGGTATTGTGGCGATGTTTTCCGGTTATGCCTATGCGCGTCTGGGGGCGAGCTATCCCAGCAATGGCGGC,3667635,NM4910,Coli
91=1X101=1X89=1X17=,43451211,16,0,147551,Coli,0.9900332225913622,254,298,301,Coli,ATGCAACAGGAACCACTTCATAGAATTGCAGCCCTTCTTTGCTGGTATCTACACCGGTAATGGCCCCACGGAAAATCAGACTACGCGGCCCAGCGGTGGTAACCAGTGGTTTACGCTGCGCTATCGCTTCTTTCATTTCGGTGTTGGTATAGTTCAAAATTTTATCCAGAACTTTCTGCCCTACCTGGGTCGACGGTTTCGGTACCGGATAATAAGTGATTGGGTTCCAGACGATGCTGTCATATTTGCTTTGATCAAAACTCGGGTCTACCCAACGTAAAACAGGTTTACCTGTAGCCGA,147250,NM4910,Coli
247=,43647444,0,0,2157105,Coli,1.0,254,247,247,Coli,ACGCTGATGGCGGCGCTGCTGCATGACGTGATTGAAGATACTCCCGCCACCTACCAGGATATGGAACAGCTTTTTGGTAAAAGCGTCGCCGAGCTGGTAGAGGGGGTGTCGAAACTTGATAAACTCAAGTTCCGCGATAAGAAAGAGGCGCAGGCCGAAAACTTTCGCAAGATGATTATGGCGATGGTGCAGGATATCCGCGTCATCCTCATCAAACTTGCCGACCGTACCCACAACATGCGCACGC,2156858,NM4910,Coli
258=1X115=1X120=,43974999,16,0,286456,Coli,0.995959595959596,254,493,495,Coli,CCTGCGTGTCAACTGCATTAACCCAGGCGGTACGCGCACCGCAATGCGTGCCAGCGCCTTCCCGACCGAAGATCCACAGAAACTTAAAACACCCGCTGATATCATGCCGCTCTACCTCTGGCTGATGGGCGATGACAGCCGCCGTAAAACCGGCATGACCTTTGACGCCCAACCGGGCCGTAAACCAGGAATTTCCCAATGAGTGATGAACGCTACCAACAGCGTCAGCAGCGAGTGAAAGAAAAAGTAGATGCTCGTGTGGCCCAGGCCCAGGATGAACGCGGTATTATCATCGTCTTTACCGGCAATGGAAAAGGCAAAACCACCGCGGCATTTGGTACGGCAACACGCGCAGTTGGTCACGGAAAAAAAGTAGGCGTCGTGCAGTTTATTAAAGGCACCTGGCCTAATGGCGAACGCAATCTGCTGGAGCCACATGGCGTTGAGTTTCAGGTGATGGCAACGGGCTTTACCTGGGATACACAAAACCGCGAG,285961,NM4910,Coli
12=1X365=,44106383,0,0,3839289,Coli,0.9973544973544972,254,377,378,Coli,CCAGCTCTGCTCAGCCGCCGCTTTACAGGCAGGCGACAACCCTTCAGGCCCGCCAATCAGTAGACTGACGTCGCGACCATCCAGCTTCCAGCGTTCCAGCTCAGCGGCTAACTGCGGCGTATCCCAGGGCTTGCCTGGAATATCGAGGGTGACAATGCGGTTTTTGCCTGCGGCCGCCAACATCTGCTCACCCTCTTTGTCGAGTATGCGCTTGATGTCCGCATTCTTGCCGCGTTTTCCGGCCGGAATTTCAATCAGCTCGAAGGGCATATCTTTCGGAAAACGACGCAGGTACTCGGTAAAACCGGTTTGTACCCAGTCCGGCATTTTCGTTCCCACGGCGACAAGTTGCAGCTTCACGCATTAACTCCAGAGTTT,3838911,NM4910,Coli
252=1X14=1X257=,44826811,0,0,224219,Coli,0.9961904761904762,254,523,525,Coli,GTCAATAACCGGGCCGATTGCCATTTTGGTATGCGGCCAAAGTTGTTTAATCGCGTGCCCTAACAGGTGCGCACAGGAGTGACGAATGATCTCCAGACCTTCTTCGTCTTTGGCGGTAATGATCGACAGTTGTGCGTCGTTTTCAATCAGATCGCAAGCATCAACCAGTTCGCCATTAACGCGCCCTGCGATACAGGCTTTCGCCAGACCTGGACCAATGTCCAGCGCAACATCCATGGGGCTTACAGCGTGATCGTAATGGCGTTGGCTGCCATCAGGAAGAGTTATAACAGGCATTTTATATCCTTATTTGCAGTGGTGACCCACACGAAAGATCACATACAAAGAAAAATTTGTTTATTAACAGTTCATTGCGAAACCATCTAGCCAACAAATGCTAAATTGGTTCGCAATCAGGTACACAAATGAAAGACATTAACCTCTCACCTTCCACCCGGTTGAGCGATGTTAACACTAAAAAAAGGGAGATTGTACCTTTCCGTTTCACATTGATTCGATTCGCAA,223694,NM4910,Coli
336=,45088859,16,0,244954,Coli,1.0,254,336,336,Coli,CTATCAATTATATCGGCTATCTTGAAGCCAATGAGTTGTTAACTGGCAAGACAGATGTGCTGGTTTGTGACGGCTTTACAGGAAATGTCACATTAAAGACGATGGAAGGTGTTGTCAGGATGTTCCTTTCTCTGCTGAAATCTCAGGGTGAAGGGAAAAAACGGTCGTGGTGGCTACTGTTATTAAAGCGTTGGCTACAAAAGAGCCTGACGAGGCGATTCAGTCACCTCAACCCCGACCAGTATAACGGCGCCTGTCTGTTAGGATTGCGCGGCACGGTGATAAAAAGTCATGGTGCAGCCAATCAGCGAGCTTTTGCGGTCGCGATTGAACAGG,244618,NM4910,Coli
450=,45285521,16,0,3063679,Coli,1.0,254,450,450,Coli,CTCGCGCAGTTCACGCGCTAACAGAAGACCGTTCTTACCCGGCAGATTGATATCCATGATCACCAGGTTGATGTCATATTCAGAGAGGATCTGATGCATTTCCGCGCCATCTGTCGCTTCGAAAACATCATAGCCTTCCGCTTCGAAAATACTTTTCAACGTGTTGCGTGTTACCAACTCGTCTTCAACGATAAGAATGTGCGGGGTCTGCATGTTTGCTACCTAAATTGCCAACTAAATCGAAACAGGAAGTACAAAAGTCCCTGACCTGCCTGATGCATGCTGCAAATTAACATGATCGGCGTAACATGACTAAAGTACGTAATTGCGTTCTTGATGCACTTTCCATCAACGTCAACAACATCATTAGCTTGGTCGTGGGTACTTTCCCTCAGGACCCGACAGTGTCAAAAACGGCTGTCATCCTAACCATTTTAACAGCAACATAAC,3063229,NM4910,Coli
86=1X155=1X123=,45548174,16,0,4042448,Coli,0.994535519125683,254,364,366,Coli,GTGTCATCCTGGGTGAGCAGCTTAATCATGTTCCTGCAGGCGCGAAGGATCAGTTCACGGATGGCAGCCCGATCAGGCTGTGGTTGCGCGAACAAGCGTTCGGCTTCCTCGGCATGCGGACGGAACTGCTCGCCAATAAAATCGGCAATCCACTGGGCGCAGGCGAGGTACAAATCTTCTTTCGAACCGAAGTAGTAGGTGATGGCAGCGATATTCTGCCCGGCCTGGGCGGCTATCTCGCGAGTGGTGGCGTTCATTCCATATTCACCAAACTGCGCCAGTGCGGCAGCAATCAGCTGTTTTTTCGCCTGTTCACCCTTGATTGTCATGGCAGGATTATTCATCGCACAGTCCATTCTTAATCAA,4042082,NM4910,Coli
71=1X86=1X112=,46138283,0,0,3825183,Coli,0.9926199261992621,254,269,271,Coli,GTGCGAAAACTGTTTAAAGAGCCTGGTGTGCAACATACGGCAGAAACGGTGGCGCAGGCACTGACCATCAGCCGCACCACTGCCAGGCGTTATCTTGAATATTGCGCCAGCCGCCATCTGATTATTGCTGAAATTGTTCACGGCAAAGTTGGCAGACCACAACGCATATACCACAGTGGGTGACATGATAAAGCCGGAGGAAACTTGCCTCCGGCATTACTATTTACTTGCCTGTGACCGCTGCTGCCGTTCCTGGCACCATCAGCTCTGT,3824912,NM4910,Coli
12=1X40=1X179=,46269165,0,0,3054440,Coli,0.9914163090128756,254,231,233,Coli,GACTGGCGTGGCTTGTTAGCCTTTAGCCCGGAAAAGCCCGGAACTACCGAAGCGCAATGTAATTACTACTATGCGAAATGGAACACCGGGCAGAGTGAAGAAGCCTGGCAAGGGGCGAAAGAGCTGTGGCTAACCGGCAAGAGCCAGCCTAACGCCTGTGACAAGTTATTTAGCGTCTGGCGTGCGTCAGGTAAACAAGATCCGCTGGCGTATTTAGAGCGTATCCGTCTGGC,3054207,NM4910,Coli
201=1X50=1X13=1I48=,46399641,16,0,31844,Coli,0.9904761904761904,254,312,314,Coli,GCCAAATTCTAAAAATTCGCTTTTTTAGCGCAATGTCACTGACCTTAGTTGAACATTGTTTTTTAACGGATAGCGGGTTTTTAACATCTTAAGCGCCCTCGACCTTTATGGTTGAGGGCGTTTTGCTATGAACGCCATCACCATTTTCCCCTCGATTATAAAACTTGAGTTATTCAGTAGTCTCCCCTCTTGCAACTCACACCCAAAACTGCCTAACGAAAAGTTATTAATTTTCAATCATATTGCTATCAGTATTTACATTTTTTTCGCTGTGCTAGAAAGGGCGCATTTATGTTAGCTCGTTCAGGGAAGGTA,31530,NM4910,Coli
224=,48169566,0,0,3572276,Coli,1.0,254,224,224,Coli,TCTAACCTCGGCTTAAGCCAGCTGATCCAGATCTCCGTACCGGTGCTGACCGCTATTTATCCGCCGTGTATCGCACTGGTTGTATTAAGTTTTACACGCTCATGGTGGCATAATTCGTCCCGCGTGATTGCTCCGCCGATGTTTATCAGCCTGCTTTTTGGTATTCTCGACGGGATCAAAGCATCTGCATTCAGCGATATCTTACCGTCCTGGGCGCAGCGTTT,3572052,NM4910,Coli
251=1X85=,48956113,0,0,885275,Coli,0.9970326409495548,254,336,337,Coli,CACTGATGTTACCTGCTTAATCCAGCAATACCATGCCTGTCTGCTATGCTTTTTTGATGCGTTTAGCGAAATTTCTCAGAAGTGTGAATTAACGCACTCATCTAACACTTTACTTTTCAAGGAGTATTTCCTATGAACGAGTTAGACGGCATCAAACAGTTCACCACTGTCGTGGCAGACAGCGGCGATATTGAGTCCATTCGCCATTATCATCCCCAGGATGCCACCACCAATCCTTCGCTGTTACTCAAAGCTGCCGGATTATCACAATATGAGCATTTAATAGACGATGCTATCGCCTGGGGTAAAAAAAATGGCAAGACCCAGGAACAACAGG,884938,NM4910,Coli
278=1X82=,49152451,16,0,281782,Coli,0.9972299168975072,254,360,361,Coli,AACAATATCTGCGCCCATGTCTTCGGTAAATTGCTGACAGCGTGCAATAGTGTCTTCTTTTGCGCCGTTAATAACCACTGTCGCACCAAGCTGTTCCGCCATTGCCAGACGTTTTTCCAGCACATCAACGACGGCAATTTCCGTTGCTCCCAGGCATTTGCACGCTTGCAACGTCATCAAACCAATACAACCTGCTCCCAGAATAATTATCTTCTTACCCGGTTTAACATCTGCCAGCATCGCGGCATGCATCCCGACTGCGGCAGGCTCCACCAGCGCCCCTTCCATCGTGTCCATATTGTCGGGCAGTTTGTAAGTAAAGCTCTCCGGATGACACAGATAGTGCGTTAATGCGCCGCGG,281421,NM4910,Coli
84=1X295=,49414552,16,0,2783836,Coli,0.9973684210526316,254,379,380,Coli,CTTTTCTGTCTGATGAACCAGATAGTCCAGACCGCCAGCAACCTGCATGGCAGAAATAGCGGCGATAACCGCCATGATAATGGAGATGACATCGAACGGGATGTTACCGGGTTTAACGCCAATAGCGGCAAGAACCAGCACCCCCAATCCGCCTGCAAAACCAATACCTATTCCCCCCAATCTGGCGCCCAAGAAGATCGCCAGCAAAACTATGATGAGTTCTACAACTAGCATATTAGCCTTCCTTGTTTTTTAACAAGTTGATATTAGATTGTTATTTTTAAGTTACTGCTCACAAGAAAAAAGGCACGTCATCTGACGTGCCTTTTTTATTTGTACTACCCTGTACGATTACTGTTCGCTTTCATCAGTATAGCGTT,2783456,NM4910,Coli
324=1X137=1X17=,49676382,0,0,1017012,Coli,0.9958333333333332,254,478,480,Coli,GTAATACATCCCCACCTGATCCTGCGCAATCGGCACTGTCAGAATGCGGTGCGTCACATCACCCAGTGTCTCTTTACGCTCGGAAAGACGAATTCCATTTTCTTTGGTTTCGTTTTTCGGCACTTCAAAGAATCCGCTGGTCGCTTCCCCACCATTACGGCGTGAGAAGGTCTGAACGAAATCGCTCGGTTCCACGTTTGAGTAGGTGACCGGCAGCGCGTTTTCACACGCCTGGCCGGAACTGCATCCCGGTTGAATCGTCAGCTCTTTTGAGACCGGATCGTAAGTGACTTTATCGCCCGGTAAACCCACCGCGCGCTTGATGTAATCAAGCTTTGGATCTTCCGGATATTTAAAGACCACGATATCGCCGCGTTTCGGATGACCGGTTTCGATCAGCGTTTTCTGGTAGATAGGATCTTTAATGCCATAAGCAAACTTCTCTACCAGAATAAAATCACCAATTAACAGAGTCGGCAT,1016532,NM4910,Coli
110=1D200=,50856816,16,0,2144622,Coli,0.9967845659163987,254,310,311,Coli,CGAACTTCGCCCGTAATCAACACGCTACGGTGCTGATTCGTGGCCTGCGTGCGGTGGCAGATTTTGAATATGAAATGCAGCTGGCGCATATGAATCGCCACTTAATGCCGAACTGGAAAGTGTGTTTCTGATGCCGTCGAAAGAGTGGTCGTTTATCTCTTCATCGTTGGTGAAAGAGGTGGCGCGCCATCAGGGCGATGTCACCCATTTCCTGCCGGAGAATGTCCATCAGGCGCTGATGGCGAAGTTAGCGTAGCGTTTATGCCGGATGGTATGCCATCCGGCGCGCATGAATTACTTCTGGCACTGC,2144311,NM4910,Coli
217=1X147=,50921715,0,0,31189,Coli,0.9972602739726028,254,364,365,Coli,CGTTGGCTATTCCTGGAGTGCTGCCGCGCTTTAAAGCAGAACAGATGATGCCCGCCATCGCGCTTATTGTGTCGGTTATTGCCTCGGTAGTCATTGGCGGAGCGGGGAGTCTGGCGTTCCCGCTGCCTGCATTAATCTGGTGTGCAGTGCGCTATACGCCGCAGGTAACATGTCTGTTGACCTTTGTCACCGGTGCGGTGGAAATCGTACTGGTGGCAAATTCGGTGATTGATATCTCGGTCGGTTCGCCGTTCTCCATTCCGCAAATGTTCTCCGCACGTCTCGGTATTGCCACGATGGCGATATGCCCAATTATGGTTTCTTTTAGCGTGGCAGCGATCAATTCGCTAATGAAGCAAGTTGCG,30824,NM4910,Coli
198=1X73=,51184535,0,0,1495529,Coli,0.9963235294117648,254,271,272,Coli,CGACAGCACAATGGTGACAGGTTCAGACGGCAGCATGTCGTGCTCGCTCATCGCTTTCGCTTCTTCGCGTTCCTGCAACGGCGAACGACGATCGTCACCGTAGGCTTGCGCGTCTGCCTGCAGTTCTTTCTTCAGCAGGTTATTCATTTTACGCTCGGAAGCCAAAATGCCCTGCAACTGGTCGCGCTCTTTTTCCAGTTCACTCTGCTCACCGCGAATCTTCATCTCTTCCAGTTTGGCAAGATGACGCAGTTTCAGTTCGAGGATCGCTT,1495257,NM4910,Coli
50=1X197=,52297834,0,0,4161048,Coli,0.995967741935484,254,247,248,Coli,CGGGGAATATTCTCCATAATCATATGTTGCAGAATTCGCGCCATGAACCAGGCCTGGGCAATGATCAATATGCCGCTCACAAAGCCCAGCAGACGAGAAATATTCAGCCAACGTTGGGAGATGACGCTTTGCTGTTTTAACCAGCGGGTTAACTCTTTTTGACGAGATTTATTCATTGCACGCTTAGCAGGTGAGTTATCAGAATTATTTGCAGAGCAATGTTACAACGGGGAAAAAATAAAGGCGAC,4160800,NM4910,Coli
128=1X170=,52298118,0,0,3027604,Coli,0.9966555183946488,254,298,299,Coli,GTCACCACATGCATATTAATGCCGCGATCGTGATTTTTACGTGTCGATGTCAGGCATTGCCCATCTTTAATAGTTGTCAGCACTATGGCGTTCGAAGAGATAGAACTTTCGACGCTGTCCATTCCCAGTGCCCGACCCAGTCGTGAGGAAAGCTCATCAACCAACGCGCTTTCCGCACCATGTTGCAAAAGAAATAATCCACACTGGATACAAAGCCGTGTTACGGCTCGCTGTTGCTCAGTTTGCATAACTCGCCCTTTGTCATAGACGTGCTGCGTATTGTTCAGATAATGAGAATC,3027305,NM4910,Coli
12=1X126=1X149=,53477793,0,0,1527125,Coli,0.9930795847750864,254,287,289,Coli,AGCAATCCTCCGACACATGGCCCGGCAATTCCTGTAATGCCAGATGATGAAGTTCATCGCGAAGCGTAGTGTAAGCACGGGTCAGCGCCATCGCTTCCTGCTCTTCCATAATGTCGTTTTGCGCCAGTAGTTCCAGAATACGCACGTTGTCTGACCAGCGCGTTAACTTCGGTTTTTCATGAGCGTAGCGCAACACCAGATATTGGGTAATAAATTCGATATCGGTAATTCCCCCTTCATCAGCTTTGATATCAAAGCGATCGCGATGTTTATTGCCGAGATGAGCGCG,1526836,NM4910,Coli
115=1X374=1I1X21=,53543148,0,0,151269,Coli,0.9941520467836256,254,510,512,Coli,TCACATCATCTGACTCGGTCATCAGTTGTAGCTGATTCCCTTTGACCCCAGCGATCCCCTGACGACGCTCGCAAAGCTTGAATAATGGCGCAGCGACACTGCTATTTTCTTCGGCGAAGATATGCTTACAGGCTTTAAGGTCGTTAAGCCATTTTGCGGTGGAAGGCCACATCGCTCTGGCGCGCTCAGCGCGGCGTTTGCCTAAATGGAGCTCGCCAACGGCAAGATAGGCAATAATTCCGACTAACGGCAGAATGTAAATAATCAACAGCCAGGCCATCGCGGAGGGAACTGCGCGTCGTTTCATTAGAATGCGTAAAGTTACGCCTGCAATGAGCAACCAGTATCCCAGAATGGCCAACCAACTCACCAACGTATAAACGGTTGTCATAGATTAGAAATCCTTTTGAAAGCGCATTGTTATGAGTTTACGCATATGGATTCATCTGGCAAATAAAAACGCGGGAAAAGCACTGGTCAGCGTCGGGGGTGGGGGGTATAATGACCATTCTG,150757,NM4910,Coli
306=,53805824,16,0,3774587,Coli,1.0,254,306,306,Coli,CTACGGTGGTTTCTTCGCCACCGGCTGGAATGGGCTGATTTTGTCGCTGGCGGTAATTATGTTCTCCTTCGGCGGTCTGGAGCTGATTGGGATTACTGCCGCTGAAGCGCGCGATCCGGAAAAAAGCATTCCAAAAGCGGTAAATCAGGTGGTGTATCGCATCCTGCTGTTTTACATCGGTTCACTGGTGGTTTTACTGGCGCTCTATCCGTGGGTGGAAGTGAAATCCAACAGTAGCCCGTTTGTGATGATTTTCCATAATCTCGACAGCAACGTGGTAGCTTCTGCGCTGAACTTCGTCATTCT,3774281,NM4910,Coli
233=1X78=,53936795,16,0,1062260,Coli,0.9967948717948718,254,311,312,Coli,TTCAACCATCGCAGACATATCCGGGTTAGCTTTATCAGCCACTTCCAGCGCACGATCCAGGCTATCAATCACCGGCAGCAATTCGTTGATGAATTTCTCCAGCGCGAATTTGTGGGCTTTTTCAATATCCAGTTCAGTACGACGACGCAGGTTTTCCATTTCGGCTTTTACACGCAAAATGCCGTCACGTTCACGGGTCTGGGCTTCAGCCAGCTGAGCTTCGAGATTCGCAACTTTTTCATCGCGCGGATCCACCTGCTCAGCAGAAGCTTCTGGCTCAACTGCCTCAATCTCTTCGTGCTGATCCATGAT,1061948,NM4910,Coli
269=1X104=1X14=1X61=,54067597,16,0,752656,Coli,0.9933481152993348,254,448,451,Coli,GCCGTCGTACTCAATGCCCAGCGCAATTTTATAAACTGGCGGTTGTTGCTGGTCGGACATTAGTACAGATACTCCTGCACCAGTTTCTCGGCGATTTTTACTGCCATCAGCGCGCCGCCAAAGCGAACGTTATCGGCCACCGACCAGAACTGGACTTGCTCCGGCATACCGTAGTCATTACGCACGCAGCCAACAGAAAGATGCGGCGTACCCGAAGCATCACCTACCTGAGTTGGGAATTCGTTCTCTTCAGAGAGCACAATATCTTCGCCTTGAACAAACGCATCACGCGCTTCTTCTGCTGCCAGTGGACGCAGAGCTTCAAAGTTGACCATCTGGGCATGACCGTAGAATACCGGTGCCTGGACGACGCTAGCCGAAATCATCAGCCCTTCGTCCTGCAGGATTTTGCGTACTTCGTCAACGATACGACGTTCTTCACGCACGCTAC,752205,NM4910,Coli
48=1X192=1X3=1X203=,54330322,16,0,933951,Coli,0.9933184855233852,254,446,449,Coli,CTTTCGGTGACTTCAAAAATAAGTTGCCACGCTTCAATCTGATATTTAGCCAGCAACTGACTGACTTCAACAGGAAAACGAGCCTGACATACCGAGGTTGGAGACAGATTAATAGCAAAACGGTGAGCGGGCATCTTCGCTCTGTTTTCAGCCATAAATTGCAGCGTATGCTCAATGACCCACATGTCGATACTCGACGATAAACCAAATTCGTGCGCGACCGGCAAGAAGCTATCGGGGCTGATCAGTTCATCATTCTCACCTTTCATGCGCAGAAGAATTTCATGGTAAACATCACCACGCATACCGGTAATCGGCTGGGCCATCAGGAAAAAATGGTTGTGTTCCAGCGCCTGCTGTAGTCGATTCATCATCGCGACTTTATCTTTCAATTCGCGTTGCAAATACATTGCCCCGCGACGCTGCATATTTTCCGGGGCGTTGGTCAC,933502,NM4910,Coli
189=,54526806,16,0,383817,Coli,1.0,254,189,189,Coli,GTATACTCCCGCCCTAATTTCTTTAACTGGTGCGGGCAATTTTTGCTCGCTTCATCAATGTAAGGTATTCCGGTGAATATTCAGGCTCTTCTCTCAGAAAAAGTCCGTCAGGCCATGATTGCGGCAGGCGCGCCTGCGGATTGCGAACCGCAGGTTCGTCAGTCAGCAAAAGTTCAGTTCGGCGACTAT,383628,NM4910,Coli
367=,54985137,16,0,2816772,Coli,1.0,254,367,367,Coli,GAGACGTATCGTGCGCAATTTTTTCAGAATCGAAAGGTTCAAAGTACAAATAAGCATATAAGGAAAAGAGAGAATGGCTAAGGGGCAATCTTTACAAGATCCGTTCCTGAACGCACTGCGTCGGGAACGTGTTCCAGTTTCTATTTATTTGGTGAATGGTATTAAGCTGCAAGGGCAAATCGAGTCTTTTGATCAGTTCGTGATCCTGTTGAAAAACACGGTCAGCCAGATGGTTTACAAGCACGCGATTTCTACTGTTGTCCCGTCTCGCCCGGTTTCTCATCACAGTAACAACGCCGGTGGCGGTACCAGCAGTAACTACCATCATGGTAGCAGCGCGCAGAATACTTCCGCGCAACAGGACAGC,2816405,NM4910,Coli
30=1X11=1X230=1X50=,55181685,0,0,2443924,Coli,0.9907407407407408,254,321,324,Coli,CAGACACATTTCAGAACGAATATCCTGAGCCGAGTCTACCGGTGGAACCGGGAAGTAACCGCCTTTCACTGCCGGACGGTGACCTTTGTTACCACCTTCGTATTGGGTGGAGGAGTTCCATGCGCCTTCGATATCGTCGATAGCAACGTGGGAACCGGAGATAGATGATCCGAAACGGATGTCATCGAACAGGAAGAATTCAGGTTCTGGCCCGAACAGTACGGTGTCGGCAATGCCAGTGGAACGCAGGTAATCTTCGGCGCGCTTCGCAATGGAGCGCGGGTCACGGTCATAGCCTTGCAGGGTGCCAGGTTCAAGGATGTC,2443600,NM4910,Coli
50=1X267=,55902750,16,0,1420522,Coli,0.9968553459119496,254,317,318,Coli,AAAAATAACCATATTGGAGGGCATCATGCCTGACGCTAAAAAACAGGGGCGGTCAAACAAGGCAATGACGTTTTTCGTCTGCTTCCTTGCCGCTCTGGCGGGATTACTCTTTGGCCTGGATATCGGTGTAATTGCTGGCGCACTGCCGTTTATTGCAGATGAATTCCAGATTACTTCGCACACGCAAGAATGGGTCGTAAGCTCCATGATGTTCGGTGCGGCAGTCGGTGCGGTGGGCAGCGGCTGGCTCTCCTTTAAACTCGGGCGCAAAAAGAGCCTGATGATCGGCGCAATTTTGTTTGTTGCCGGTTCGCTGTT,1420204,NM4910,Coli
19=1X325=,55902784,16,0,2373257,Coli,0.9971014492753624,254,344,345,Coli,CCCCAGCCATACAAACCGATGCCCGCCGCCAGAGCAATAGCGATAGCCACCGCGCTGAGAATCAATGCGGTATTGTTCTTACTCTTTTTTTCTGTTGCGACAGGTTGTGACGTGGTGTCCACGGCCTCCCTGGTCTCTTCAACCACGGCGGAGGTTTTTTCTTGTTCCGTCATTATGGCTTCCTGTTATGAGAGTTATTGTAATGCCCGTAAAAGCGCATCGTTGTCAGCGTTATCGGCGACCTTAATGTCTTGCCAGCCCAGTTCCCGGGCGAGTTTCGCCAAACGCTCACTGACGACCAATAGTCGACAGTGTAGTAACCAGTGCTCACGATACCATTGTGGG,2372912,NM4910,Coli
6=1X44=1X182=1X173=1X5=,57147999,0,0,4161674,Coli,0.9903381642512076,254,410,414,Coli,CGACTGTACTTTGATGTAGCCGTTTTCCAGTTCCAGCTGCCCTTCGAAAATCGCAGTATTCGGGCTGTGACCGATAGCAACAAACAGACCGGCAACGTCGAGTGACTCGATGTTATCGCTGTTTTGCGTATCGCGCAGACGAACGCCAGTGACACCCATTTGATCGCCGGTCACTTCTTCCAGCGTACGGTTGGTGTGCAGAATGATGTTGCCGTTCTCCACTTTATCCATCAGGCGCTTAATGAGGATTTTTTCCGCGCGGAAACCGTCACGGCGGTGAATCAGATGCACTTCCGAAGCGATGTTAGACAGATACAGCGCCTCTTCAACCGCGGTATTGCCGCCGCCGATGACCGCAACTTTCTGGTTGCGATAGAAGAAACCGTCGCAGGTTGCACAAGCAGAAACCCCACG,4161260,NM4910,Coli
418=,57476006,16,0,362892,Coli,1.0,254,418,418,Coli,TAGCGCTAATGACGGCGTAGCAGCTGCCAGCGAAGCGGTTAATCTGCTGCGCGATAAAGGTTACTTGATGTCTGGTGACCTGGTGATTGTCACCCAGGGCGACGTGATGAGTACCGTGGGTTCTACTAATACCACGCGTATTTTAACGGTAGAGTAAGTACGTTGCCGGATGCGGCGAAAACGCCACATCCGGCCTACAGTTCAATGATAGTTCAACAGATTTCGAATATTCTGAAGCAAACTTGAACTTATCATCAGGCGAAGGCCTCTCCTCGCGAGAGGCTTTTTTATTTGATGGGATAAAGATCTTTGCGCTTATACGGCTGGATTTCGCCCGGTTTGCGAGTTTTCAGCAATTTTAGTATCCAGGTGTATTGTTCTGGTCGCGGACCAACAAAAATCTCGACTTCTTCATTCA,362474,NM4910,Coli
289=,58065074,0,0,2100831,Coli,1.0,254,289,289,Coli,ATGACATGCAAAAATTAAATGAGTTAATATTTTCAGAGCCAGATAGCACATTAACAGTTACGGACTAAAAAATATGGCAAGGTTATTAACAATTGTATTTTTTTCTCTATTTCTGCGAGTGCAGTTACTGCAAGACAATTTCAGAGAGAGTTAGATTTGGCAGACAAAGCAATATTATGGGCACTAATATCAGCCAGTACTAAAGAGGGACGAAAAGCGTGTTCACTAAGCTATTTTGCCTGTAAGGCCGCAGAGGCTGAACTCGGACTGGCATATATGGCTGCGAATG,2100542,NM4910,Coli
214=1X16=,58131350,16,0,319519,Coli,0.9956709956709956,254,230,231,Coli,GTGTTGCCGTAGCAGGTTCGGTAAAAGTACCAGAGCTGTTCGTGGTGGAACCCTTCCCTGCCGTGCATCATCTGGTCAGCACCATAACGGCGCAACTACCAGAACAGTTACACGCCAGCGATCTGCTGCGCGCAGCTTTTCCTGGTGGCTCAATAACCGGGGCTCCGAAAGTACGGGCTATGGAAATTATCGACGAACTGGAACCGCAGCGACGCAATGCCTGGTGCGGCA,319288,NM4910,Coli
205=1X38=1X17=1X166=,58327134,16,0,2010098,Coli,0.9930069930069928,254,426,429,Coli,CATCCATAACGTCCCATTTATCGGTTTCGAAGCGGTCATAAGGCAGCACTTTGCCCGCAGGCTGAACGCTTTTTTCGCCCTTCTTCTGTTCAGACCGTTTCGACTTTTCTGCCCCTTTCCCGGAATCAACGCCAATCAACGGTCCCAGGTCCGCCAGCCGCAATTGCCGCGACTCGACATCACCTTCCAGTTTTGGTCGTGGCTTTCCGGTGGTGTAGACCAGAGAACCGTGGATATCGCTATCACCAATTCGCCCATTAAAACCGCGATAATCAAAGACCGACGATTTTTCAGTGTCGATTTTCGCTACCAGCCGACCATCCGTTTCAAACGGCGGGGTATCGGGCAGCAGAACGCCCGTCAGTTCATAGAGATCACCCAGTGAATCGCCAGAAAATTTAAGCCGTAAATCGACACCGCCCATCTTCA,2009669,NM4910,Coli
79=1X62=1X250=,58327171,0,0,3853842,Coli,0.9949109414758268,254,391,393,Coli,AACGGGTATTTTGTTGGGTATGCAGGCCATACGCCATCGCAGCTGCTGTGGGTTCATTAATTAAGCGTACCGCATTTAACCCGGCTAACTCCGCTGCTAAACGGGTATGCTTGCGTTGTTCATCGCTGAAATAAGCCGGAACGGAGATCACCACATCTTTAATCGGACGTTGCAGAAATTCTTCGGCATCTTCTTTTAATGAGCGTAATACCAAAGAGGACAGTTCTGGCGCGTTAAATGTGTCGCTGCCTAACCGCCAGTTGGTATTACTGCCCATTGCACGTTTAAATAACGCTGCCGTTTTATCCGGATGCGAAGTACGCCGTGATACAGCCGGTTTTCCGACTAAAATATGATTATTTTCATCCATGCTAATTATGGATGGTGTTAAAT,3853449,NM4910,Coli
153=1X126=1X8=,58785901,16,0,1571977,Coli,0.9930795847750864,254,287,289,Coli,AAGAAAAAAATGTACGCCAATAACGGCGCTATAGACCGAAAGCTGCTTTTTGAAGCGACGTTCGTCACGATTGAAAAATGTTGTGATACCAATCAGAAAGGCGATGACACCCACGCCCTGGGCCAGCCAATACGCGGTCATGATAAATCCTTAGCAGGTATGGAAAAGCAAACGGCGCTTCACATTATGAAACGCCGTTTTTTATTAACAACTCATTTCGACTTTATAGCGTTACGCCGCTTTTGAAGATCGCCAGTTCGCGGAAGTCGTTACGCTCGTTACAGGTTTG,1571688,NM4910,Coli
28=1X10=1X286=,59245225,16,0,1533551,Coli,0.9938650306748468,254,324,326,Coli,GAACGCCTTATTCGGCCTACGCAATCGTTGACAACGCCAAGCATCCGACACTATTCCTCAATTAAAAGAACACGACATACACCGCAGCCGCCACAATAAAGCGATAAATGGCGAACGGGATAAACGAAATGCGCTTAATCAATTGCAGGAAGGTTTTAATCGCTATCAGCGCCACCACAAAAGCGGTGATAAACCCAACGGCAAACATCGGGATATCGCCGCTTGTCAGGAAGCCCCAGCTTTTGTAGAGATCGAGCGCCGTTGCGCCCATCATCATCGGCACCGCCAGCAGGAACGAAAACTCGGAAGCAGCGTAACGGCTCACC,1533225,NM4910,Coli
200=1X43=1X38=,60293296,0,0,141220,Coli,0.9929328621908128,254,281,283,Coli,GCTAACGCCGATGAAAGCCAGCTTTTTGCCTCCTGTACGGTGTCAGCCCAGTTTGTATGGCGCGGGCGTAGTGCAGCCAACGCCGCAGAGAGTGTACAACCAGTGCCGTGGGTGTTTTTGGTCATAATGCGCGGTGCGGTAAACCGTTGTTCACCCTCGCGGGTAAACAGCCAGTCCGGGCTTTGCTCATCATCCAGATGACCACCTTTCATTAGCACTGCGCCACAGCCCATCGCCAACAGCGATCGCCCTTGTTCCAGCATTTCCTGTTCGGTGCGCGCGT,140937,NM4910,Coli
176=1X199=1X2=1X10=,60555410,0,0,923460,Coli,0.9923076923076924,254,387,390,Coli,CACTGGCGGGAACGCGTCAGGGGATGATCAGTTTCACCCAGCAAAATGAACAGGAAGCGGACCGCATTGGTATTCAGGTGCTGCAACGCTCGGGATTCGATCCGCAGGCGATGCCAACCTTCCTCGAAAAATTACTCGATCAGGCGCGTTACTCCTCGCGCCCGCCGGAAATTTTATTGACTCACCCGTTGCCGGAAAGTCGTCTGGCAGATGCCCGCAACCGTGCTAATCAGATGCGCCCGATGGTGGTGCAGTCGTCGGAAGATTTCTATCTGGCGAAAGCGCGCACACTGGGGATGTATAATTCCGGACGTAACCAGCTCACCAGTGATTTGCTGGATGAATGGGCGAAAGGAAACGTTCGTCAGCAACGAGCAGCACAATATGGTC,923070,NM4910,Coli
293=1X24=,60948756,0,0,1056817,Coli,0.9968553459119496,254,317,318,Coli,TCAGGCCGCGTATAGTGCGGGCAATCCAGCAATCCTTCAGCAAAGGAATCTTCCGTTGCCGAGGCTTCATGTCCCAGTACTCCCGGAATAAACCGGGAAACGGAGTCAATCAGCGTCATTGCTGGTAACTCACCACCACTGAGAACGTAATCGCCGATTGACCATTCTTCGTCAATTTCGGTTTGGATCACGCGCTCATCTATACCTTCGTAGCGACCGCACACCAGAATCAATTTTTGATTCGTTGCCAGTTCGCTGACGCCCGCTTGATCAAGCTTGCGTCCCTGTGGTGACAGATAAATCACCTTTGCGCCTTCA,1056499,NM4910,Coli
34=1X130=1X126=1X56=,61341907,16,0,1420311,Coli,0.991404011461318,254,346,349,Coli,CACCAACCACAACAGACAAAGATTTGTAATATTTTCATATTATTATTCGGTTTTCACAGTTGTTACATTTCTTTTCAGTAAAGTCTTAATTGCAGATAACAGCGTTTAATCTATGATGATATAACTCAATTATTTTCATGCACTTAAATCATAACTAAGATAAATGTTAGTGTAAGCGATTACACTGATGTGATTTGCTTCACATCTTTTTACGTCGTACTCACCTATCTTAATTCACAATAAAAAATAACCATATTGGAGGGCATCATGCCTGACGCTAAAAAACAGGGGCGGTCAAACAAGGCAATGACGTTTTTCGTCTGCTTCCTTGCCGCTCTGGCGGGATTAC,1419962,NM4910,Coli
124=1X140=1X22=,61342421,16,0,3663241,Coli,0.9930555555555556,254,286,288,Coli,CGTATTCTGCCCGCAGCCCCAGTTTTTGTGCCTGCGTCGCCTGAAGAACCATCGCGATTTGCCACAGCGGTTGGGTAGAAAAGAGTGAGGGAGAAATGCCCATCTCCTGGCTAATGTGCTGCAGGTTTTGGAGTTGCTCCTCGCTAATGCGCTCTTCCAGCGCCTCGCAGGCAGGCAAATTAGCAAAAGGCGTATCGCTGGTGGAAACATCCGCCTCGACGATCAGCGCATCGGCGTTTTTGAGCTTTTTGAGCAAACGGGTGGGCAGGGGAGCCATATCGTGGCTAC,3662953,NM4910,Coli
180=1X152=,62259301,0,0,4276266,Coli,0.996996996996997,254,332,333,Coli,ATCAGCCAATGATTCGCGTTCGCCTACCAGAATGACTTTCAGCTTCAATGGCATCGAAGGCACAGAGACGGGGAGAGGGCGCGACTCATCAAACGCAACCCAGTCAAAACGCTCGCGGTTAACGATATTTTTCAGCCGCATCCACAGCAGAGGTTGCGCCAGCAGTGTACGCAAAGAGATAATGAGAATACCGCCATTTGCCTGATGCACCAGACCAGGCTGCAGGGTAATGTCGCCATTAAACTGGCGCAGGCAGCCAAAGAGTTGCTCCGCTTCTACCCAGTCGGCAGCGACAACTTGCGTTAAAGTCGCAAAATTATCATCTGCACTCAC,4275933,NM4910,Coli
138=1X35=1X118=,62522086,16,0,2506484,Coli,0.9931740614334472,254,291,293,Coli,GTAATTACGCTCAGTGGTTTCGATGCCTGGACGGAACTCGCGCTCAATCACCGCTTTCTCTTGCAGCTCGTCGAGGTTCTGCCAGAAGCCAACCGCCAGGCCTGCGAGATAGGCCGCACCCAATGCGGTGACTTCGCGCACTTCCGGGCGCTCAACGCGGGTGCCGAGAATATCGGACTGGAACTGCATCAGGAAATTGTTTGCTACTGCGCCACCATCCACGCGCAGGGCGTGCAGACGGATACCAGAGTCGGCCTGCATCGCTTCCAGCACGTCACGCGTCTGATAAGCAA,2506191,NM4910,Coli
1S215=,62653003,16,1,220825,Coli,0.9953703703703703,254,215,215,Coli,GTTTCCGTTTCTCTTCTCACGCGCTAGCCTCCTGGATTCAGGTGCTAAAGTAAAAAAAGAAGCGGAAAATAGCAGCATTCATTGCTTGCGTTACCTTTTGGTACTCTTCAAAAGACCTTTATTGAAAAGGCTACGGCGATAAAAGTCAATGTTTTGATGGCGTTGAAACGAAAAGAGGGAGACTAGCTCCCTCTTTCAACTGGCTTATGCCAGAGC,220610,NM4910,Coli
31=1X198=1X63=1X56=,63635598,0,0,687697,Coli,0.9914529914529916,254,348,351,Coli,ATTAACGCCGCGATTGCCCTGACACAGTTAGTCAAATTAGAGCACCTCAACACCCGTCGGCGCGAAATTGCCCAGCAATATCAGCAAGCACTGGCAGCTCTCCCCTTTCAGCCATTAAGCCTTCCCGCCTGGCCGCACGTTCACGCCTGGCATCTGTTTATTATTCGTGTCGATGAACAACGTTGTGGTATCAGTCGCGATGCGTTGATGGAAGCGTTAAAAGAAAGAGGCATTGGTACCGGGTTACATTTCCGCGCCGCTCACACACAAAAATATTATCGCGAGCGTTTTCCCACGCTGTCGTTACCGAATACCGAATGGAATAGCGAACGCATCTGTTCTTTGCCGCTG,687346,NM4910,Coli
201=1X53=1X107=1X99=1X45=1X29=,63701298,16,0,2062305,Coli,0.9907235621521336,254,534,539,Coli,ATTGGGTGAGAGGTTCCCGCGCCGACTTCCATGTCCAATGGTTGAACAATGGTGCAGCCCTGGCGAGCCCAGTAATCCTGTAAGGTCAGGATCAAGCCCTGGAAGGTCCTGGTATCAAACTTTTGCATATTATTTCGTGCTGGATACGTGTGGATTTAAAGGAAGGGATCAGTATACCCGCTGGATGGAAGATATACAGTACGAAACGGGAAAAAGCAGGGCTTAACGCATGGAAAGATGCAAAAAATGGCCATCCGCGTCAAAAGAACAGACAAACTGCTCTTTACGGAAGGTATAACCGCGCATTTCATAGCTTCCCTGGAACTGTTCGAAGGCGGTGACGTCGATTTTTTGCTCGCCGGTGTTATAACGTTTTGCCGCCTGATCCTTGCATAACGCTTCCATATTCAACGAACGCAGAGGATCAACCTTTACCCGTTGTGCTTTCTGCACGGGTGACGGTATAGAACAACCCACTAGCACCATAAGCGCCATTGCCGGAAAGAAAGCGTTCATCATCATTAAATTACCGTCTGGTT,2061766,NM4910,Coli
48=1X197=1X51=1X12=,63963372,0,0,541982,Coli,0.990353697749196,254,308,311,Coli,GCCTTTAAAGCCCCACTGGTCGCGCAGAACATCTTTCAGCAGCCAGGAATCGGAGGTGGCTGGCGTGCCGTTCAGCGAGTTCAGCGCCACCATCACCGCGCCGCTGCCTGCGTCCAGCCCCGCTTTGTACGGCGGCATATAATCATTAAACAGGCGCTGCGGACTCATATCGACGGTGTTGTACTCTTTACCGCCTTCTACCGCGCCGTATGCGGCAAAGTGTTTGACGCTGGTCATCACCGAGTAGCGATCTGCCGGGCTTTTACCCTGCATCGCTTCCACCATGGTTTTACCCATTGTTGAGGTGAGAT,541671,NM4910,Coli
195=1X210=,63963577,16,0,2350009,Coli,0.9975369458128078,254,405,406,Coli,CTGGGCAGAGTGGTGCGGTCCGTGCAAAATGATCGCCCCGATTCTGGATGAAATCGCTGACGAATATCAGGGCAAACTGACCGTTGCAAAACTGAACATCGATCAAAACCCTGGCACTGCGCCGAAATATGGCATCCGTGGTATCCCGACTCTGCTGCTGTTCAAAAACGGTGAAGTGGCGGCAACCAAAGTGGGTGCACTGTCTAAAGGTCAGTTGAAAGAGTTCCTCGACGCTAACCTGGCGTAAGGGAATTTCATGTTCGGGTGCCCCGTCGCTAAAAACTGGACGCCCGGCGTGAGTCATGCTAACTTAGTGTTGACTTCGTATTAAACATACCTTATTAAGTTTGAATCTTGTAATTTCCAACGCTTCCCGTTTTATCTTAAATGCGAAGTGAACAGATTT,2349603,NM4910,Coli
199=1X91=,64159887,16,0,90042,Coli,0.9965635738831616,254,290,291,Coli,GTTTGCTGCTCAGATCGCGCAGAGCAAGGAAAATCTCCCCGCGACTAATGCGCAGAGAAAGATAGTGCCAGGCTTCAGTTTCAACCACCAGCCCCACCGCCGGACGGCCACGGTTCCCCGCTTCTTTGATTTCCAGCTCTTGCACCAGGTGTGCTTCGAGCATCTCACGGACAATTTTAGTGATACTGGCAGGAGCCAGTTGCGCCAGACGGGAAAGATCGATACGCGAGACTGGACCAAGCTGATCAATCAGGCGATAAACCGCGCCCGCGTTGGTCTGCTTTATTTGAT,89751,NM4910,Coli
176=1X160=,64487567,0,0,2626678,Coli,0.9970326409495548,254,336,337,Coli,CTTTATTAATATGAAACACTTATACTGGAAACAGGCTGGAATAATCTTAGCCGGAAAAACGAATGTCAAAAGGCACAGTAAAGATGCCAGTCAGCGTGTTTCCGGTCCTTTGGTCATTCAATTGCTTCAGGAACATATAACGATAAGGAGAACCTGAACTCGTGTTAACGCTGCTTCACCTGCTTTCTGCCGTCGCCCTGCTGGTCTGGGGGACTCATATTGTTCGAACCGGCGTAATGCGCGTCTTCGGCGCGCGTTTGCGTACTGTCCTTAGCCGGAGCGTCGAAAAAAAGCCGCTCGCCTTTTGCGCGGGGATCGGCGTTACCGCACTGGTACA,2626341,NM4910,Coli
93=1X5=1X144=1X76=,64619502,0,0,2362426,Coli,0.9906542056074766,254,318,321,Coli,GCAGGGCATTGGTACGCTGTGCTTACTGATTCAGGCGGGCATTCCTTGTGTGCTTAACCGGGAAAATCCGTTCTGGCAGGATATGACGGAACAACATTTGCCGGTGCTGTTTACTACCGACGATCTCAACGAGGATATTGTGCGTGAAGCGCAGCGCCAGTTGGCGTCGGTGGATAAAAACACCATTGCCTTCTTTAGCCCTAACTATCTACAAGGCTGGCAGCGGGCGTTGGCGATTGCCGCCAGGGAGGTCGCATGAGTCTGCTGCAATTCAGTGGCCTGTTTGTTGTCTGGCTGCTCTGCACGCTGTTTATTGCCACG,2362105,NM4910,Coli
204=1D38=,65273988,16,0,148948,Coli,0.9958847736625516,254,242,243,Coli,TGATGCTGAAAGTCGGGTTATTGCCTAACCTGATTAACCGCTATCCGCATGAGTTCTCTGGTGGGCAGTGCCAGCGTATCGGGATTGCGCGTGCTCTTATTCTTGAACCGAAGCTGATTATCTGTGATGAGCCGGTGTCGGCGCTGGACGTGTCAATTCAGGCACAGGTGGTCAACCTGCTCCAGCAATTGCAACGTGAGATGGATTGTCATTAATTTTTATCGCTCATGACCTGGCCGTGG,148705,NM4910,Coli
87=1X35=1X139=1X89=,65995301,16,0,310487,Coli,0.9915014164305948,254,350,353,Coli,GATGACTATTTTGCAGGTTATTGAAAATAATAAAGCCGCGAAAGTGGAATGTTTATGTCGTGAAGGGGTATGCGGAACCTGCGAAACAGCAATACTGGAAGGTGAAGCTGACCATCGGGATCAATATTTTAGCGATGAAGAGCGTGCCAGCCAGCAAAGTATGTTGATCTGTTGTTCGCGTGCGAAGGGTAAACGCCTGGTGTTGGATTTGTAGTTTGCCGAAGCCGGATGTGGCGCTGAGCGCGCCCAGTCCGGCTTCGGAAGATTTTACTGCGGATATTCCTGCAATAAATTGTGTAATGCTTCCGCCATCAGCTCACCACGCCAGCCGGAAATCAGCTCCGGCAAATTGT,310134,NM4910,Coli
43=1X5=1X138=1X221=,65995542,0,0,3041074,Coli,0.9926829268292684,254,407,410,Coli,CAGGATCGTAGATAAAGGTCAGGTTCGGTGAAACCTGCTTCAACTCTGCATCTGCACGTAAGATCGCGCGGGTAATGGGCGAATCAGACGGGCCGATATTGGCGTGCATAAAGGCGTCTGGCAGGGTTCTGTCGAGGTAACGCCAGAAACGTTTTATTCGAACATCGATCTCGTCTTGTGTTAGAATTCTAACATACGGTTGCAACAACGCATCCAGTTGCCCCAGGTAGACCGGCATCGATGTGACCGACGGTACGTGGTGGTAAAGAATGGTCAGCAGAGAGAGTGCGTCATCAAGATCTTTCGCGCCTTCCAGCTCCAGCCATTCGGAACCGTTCGCCAGAAAACGGGCGTAATCGGGTAAGACATAGCGCGGTTTGTACGGCGCATGACCTTCAAACATATCGCAG,3040664,NM4910,Coli
51=1X236=,68092273,0,0,1221107,Coli,0.9965277777777778,254,287,288,Coli,GTTAAACTGAAACTCCAGACAAACAACGCGTACCCAGGGTACGCGTTGCCGCTCTAACTTTTTTACTTACTTCGCCTGACGTTTCTGGAACTCGCTGGCGGCTTTCACAAAGCCTGCAAACAGCGGGTGACCATCACGTGGAGTAGAAGTAAACTCCGGATGGAACTGGCAAGCCACGAACCACGGGTGATTCGGAACTTCGATGATCTCGACCAACTGATCATCCCCGGAACGGCCCGCAACGCGCAGACCTGCATCTTCAATCTGTTTCAACAGCATGTTGTTGAC,1220819,NM4910,Coli
364=,68419704,0,0,4248985,Coli,1.0,254,364,364,Coli,GCGAATTGTGTCATAGGTGCGCAGTAGCGTCCTCGTACAGGAGCGTTTAGTACAATAAACATCTTCAGGAACTGCTGGAGTATACCTTGTTTCGCAATTTATTGAACCCCGATCACACCATATGCCACCTTTCTGGTCGATGGCATTACGCGGTGTATGTTATAAAAATGTAGCAATAAAGGCGTTTGTACCTGAAAAGATGAAGATTCTGCATAGCGCGATTTACGCAACAGGAATAGACTGAACACCAGACTCTATAAAAGATGCTAAAGGTTATTTATGACTCAACAGCCACAAGCCAAATACCGTCACGATTATCGTGCGCCGGATTACCAGATTACTGATATTGACTTGACCTTTGACC,4248621,NM4910,Coli
288=,68420374,16,0,725654,Coli,1.0,254,288,288,Coli,GAAATTTGGCGGTAATGTCAACGCCGAACGTATCGCTTTACTGGCGATGTACCACGATGCCTCAGAAGTGCTCACCGGCGATCTCCCTACTCCGGTGAAATACTTCAATTCGCAAATCGCTCAGGAGTACAAGGCTATTGAAAAAATCGCTCAGCAAAAACTGGTCGATATGGTTCCGGAAGAGCTGCGGGATATCTTTGCGCCGTTAATTGACGAGCATGCATATAGCGATGAAGAAAAATCGCTGGTGAAACAGGCAGATGCACTGTGTGCATATCTGAAATGTCT,725366,NM4910,Coli
56=1X119=1X110=,68682678,0,0,3500395,Coli,0.9930313588850174,254,285,287,Coli,ATTAACGTTGCCGGGCATCGGCTGGGGACGCGCGAGATTGAAGAGAGTATCTCCAGCCATCCGGGCGTTGCCGAAGTGGCGGTGGTTGGGGTGAAAGATGCGCTGAAAGGGCAGGTGGCGGTGGCGTTTGTCATTCCGAAAGAGAGCGACAGTCTGGAAGATCGTGATGTGGCGCACTCGCAAGAGAAGGCGATTATGGCGCTGGTGGACAGCCAGATTGGCAACTTTGGCCGCCCGGCGCACGTCTGGTTTGTCTCGCAATTGCCAAAAACGCGATCCGGAAAAAT,3500108,NM4910,Coli
195=1X153=,68813582,0,0,2565726,Coli,0.997134670487106,254,348,349,Coli,CTTCCCGGTTGTTGGTGTCGTGCCGGCGATTAAACCTGCTGCACGTCTGACGGCAAATGGCATTGTCGGATTACTGGCAACCCGCGGAACAGTTAAACGTTCTTATACTCATGAGCTGATCGCGCGTTTCGCTAATGAATGCCAGATAGAAATGCTGGGCTCGGCAGAGATGGTTGAGTTGGCTGAAGCGAAGCTACATGGCGAAGATGTTTCTCTGGATGCACTAAAACGTATCCTACGCCCGTGGTTAAGAATGAAAGAGCCGCCAGATACCGTTGTATTGGGTTGCACCCATTTCCCTCTACTACAAGAAGAACTGTTACAAGTGCTGCCAGAGGGAACCCGGCTG,2565377,NM4910,Coli
506=,69009516,0,0,3124637,Coli,1.0,254,506,506,Coli,CGTCATGTTGTTCTGTTTCGCGATGTTAGCAATCGCCTGATCCAGCTGCTCATCGGAGATTTTCACTCCCATTTTCTGCCCCATCTGCAGGATGATTTGATCCATGATCAAACGTTCCATGATTTGGTGGCGCAGCGTCGCGTCATCAGGAAGTTGCTGCCTTGCCTGAGCAGCGTTCAGTTTTACCGACTGCATTAATCCATCAACGTCGCTTTCCAGCACGACGCCGTTATTGACGACGGCTGCGACTTTATCGACTACCTGGGGGGCAGCGAAACTGGTATTCGCGATCATGGCGATACCGAGAAGCAGCGTTTTCCAGTTCTTCATACTTTTTCCATTTCAATTAACCGCACTGCGGATTACGTGGTAAATCAACAAATCACAAAGTGTTTTGATACGGCAGAATGTTCGAACGCAGCATCTCTTGCGTACCCAGACCGTAGTTGGAGCTCAGGCCGCGAAGTTCGATGTTAAAGCCGATTGCGTTGTCATATACCGCATGT,3124131,NM4910,Coli
1S118=1X142=,69141084,0,1,1683923,Coli,0.9923664122137404,254,260,261,Coli,TACCCGTCGGTGATCAGCTTCGGTCCTACAAGTTCGAGATACTGTTCCAGCATGGGAATATCGAGCAATGCTTCTGATTTACTGTTCTCTTCTGTCGTCACCGTACTCTCCTCATCATCCTGGGTATCCCAGAATTTCTTGATCATCGCGGTTAGCGCCGGAACAGAAAGCGGCTTACTCAGCACATCATCCATTCCAGCATTGAGGTACTCTTGTTTGTCTTTCAGCACGTTAGCGGTTAAGGCCACCAGCGGCGGTAAAT,1683662,NM4910,Coli
288=,69206385,16,0,349250,Coli,1.0,254,288,288,Coli,TTGAAAAGGAAGTCATTATGTCGTTCTGGAAAGTTGCAGCAGCGCAATATGAGCCTCGTAAAACCTCACTCACCGAACAGGTAGCTCATCATCTGGAGTTTGTGAGGGCCGCCGCCAGGCAACAATGTCAGCTGTTAGTTTTTCCATCGCTTTCTTTACTGGGGTGTGATTATTCGCGACGTGCCCTTCCTGCCCCACCCGATCTCTCACTGTTAGACCCGCTTTGTTATGCCGCAACGACCTGGCGAATGACCATCATTGCCGGCCTTCCCGTTGAATATAACGATC,348962,NM4910,Coli
5=1X367=,69402806,0,0,2749707,Coli,0.9973190348525468,254,372,373,Coli,CTCCGTCATCTTCTTGCAGCTTAATCATAATGTTGCTGCCTTGCGGGCTGTAACGATGGGCGTTTTCTACCAGGTTTCGCAATAACATCCGCAGCAGGGTTGCATCACCCTGAACGGTGATGTCGGCGGCGCTCTCTGGCAATAGCAGGGTTTGCTGTCGCTGGTCGAGCATGGTACTGAGTTCGTCATACGAGGGGAGAATGACATCTTCCAGCAGTTTTACATGTTGATAATTACCGGAAGAAAATGACTGTCCGGCACGCGCCAGTTGCAGCAGCTGGGAGACGCTCTCCATCATCTGATCAAGCCGTGCCACTAACGGTGCTACATCAATGTGATGCGTTTTCGCCAGCAGTTCCAGATGCAAACGCAC,2749334,NM4910,Coli
388=,69664896,0,0,4280555,Coli,1.0,254,388,388,Coli,AGCTAATGCCTCATTGACGCGTTCTTCATCAGCAGGTTGATGATGTAACGCGTCATCAACATAGCAAACTGCGTCATCAAGAAACGCCAGAATTTCAGGATTAGTTAACTGCTCCCGGTGAGCACCGAGGGCTGAGATATAGCTGGTAAACGTATGGTTAAGGCACAGCAACCGAAACGCGGCTTCGCGAATTTGCGGGGTAACGTTCGGCTCGCTGGACATATTTGATACCACCGACGCCAGCTCAGCATCACGGTTGTGTGCATCGCGGCGGGCAATACGATACGCCAGACGGTTATCACGCCCCTGATGGTATTGCTCCAGTATGGCATCGAGATACCGACAGTTGGCCTCTGTGGCGCGTTCGAGCATGCGCGGCAGATTGCGA,4280167,NM4910,Coli
254=1X34=,69665704,0,0,1481473,Coli,0.9965397923875432,254,288,289,Coli,GCGGACAAACGCAGGATAAGATCCCGCAGTTTGGTCAGCAAACGCCGATGAAACGTGCGGGGCAACCGGCGGAACTGGCCCCTGTATATGTTTATCTGGCAAGTCAGGAGTCGAGCTACGTCACCGCAGAAGTGCACGGCGTGTGCGGCGGCGAGCATTTAGGTTAAAAAAATGCCCGGTTGTGAAAAGCAACCGGGCATCATTGTGAATTCACTCTTACCTGATGTGGCGAAAACGCCTTATCCGCCTACAAACGCATGAAGATTCAACATGTTGCAATAGATTTTGT,1481184,NM4910,Coli
15=1X154=,70058641,16,0,1665510,Coli,0.9941176470588236,254,169,170,Coli,CACCTGCTTCATTGCGATTGGCAACGCCCCCCAGCAAATTGCTGTGGTGAGCGCCAAAAGAATGCCAATGCCTGCCTGCTGCTTCATACCGTATTCCCTGCAAAGCGCATTTGCGGATTAACGTCGCACCATGCGCATTTTTACCGGTTATCGAATGTAAAAAGCCCCGC,1665340,NM4910,Coli
229=1X38=1X13=,70386384,0,0,3189139,Coli,0.9929078014184396,254,280,282,Coli,ATAGCCATGCCCGTGCCACGATGGCTGGCGAACTCACCATGATTCACGGCGTCCCGGCAGGCTGCGACGAACGTGAGTATTTGCGTGAGCTGCAAAATGCATTGCTGTGGATTAACTTTCGTTTTTATCTTGCACCGCTGTTCTGGCTGATTGTGGGGGGAACCTGGGGACCCGTTACGCTGATGGGGTATGCGTTTTTGCGTGCATGGCAATACTGGCTGGCGCGATATCAGACGCCGCATCATCGTTTACAGTCCGGCATTGATGCCGTGCTTCATGTAC,3188857,NM4910,Coli
51=1X241=1X108=,71565992,16,0,188897,Coli,0.9950248756218906,254,400,402,Coli,CTACAGCATCATCGCTTTGTGCTGGAAAGCGTAAACGGTAAGCCCGTGACCAGCGATAAAAATCCGCCAGAAATCAGCTTTGGTGAAAAAATGATGATTTCCGGCAGCATGTGTAACCGCTTTAGCGGTGAAGGCAAACTGTCTAATGGTGAACTGACAGCCAAAGGGCTGGCAATGACCCGTATGATGTGCGCTAACCCGCAGCTTAATGAACTCGATAACACCATTAGCGAAATGCTGAAAGAAGGTGCACAAGTGGATCTGACCGCGAACCAGTTAACGCTGGCGACCGCAAAACAGACATTAACTTATAAGCTGGCGGATTTAATGAATTAATAGCTGCCACAGCTCCCGGCGGCAAGTGACTGTTCGCTACAGCGTTTGCCGTTGGGTAATGCACAC,188495,NM4910,Coli
301=1X11=,71893833,16,0,327785,Coli,0.9968051118210862,254,312,313,Coli,CTCAAAGTGATATTCGTGGCGTCTTCCTGCGTTCTAACCTCTTCCAGGGTTCATGGAACTTCGAACGTATGCAGGCACTGGGTTTCTGCTTCTCTATGGTACCGGCAATTCGTCGCCTCTACCCTGAGAACAACGAAGCTCGTAAACAAGCTATTCGCCGTCACCTGGAGTTCTTTAACACCCAGCCGTTCGTGGCTGCGCCGATTCTCGGCGTAACCCTGGCGCTGGAAGAACAGCGTGCTAATGGCGCAGAGATCGACGACGGTGCTATCAACGGTATCAAAGTCGGTTTGATGGGGCCACTGGCTGGTGT,327472,NM4910,Coli
161=1X1=1X144=,72417695,0,0,4265465,Coli,0.9935064935064936,254,306,308,Coli,ACATCGCCGTTATCCTGGGCAGTGCGGAAAGATTGCAATGTTTTTAATGGTTCGCCTGCCGGATGTTTTTGCCCTTTTTCTGGGCTGACGGTGGTGAAAATACAGCGGCTACAAGGTTTAACCACATCAAACACCACATCACCAATGCGAATCACTTTCCAGCGATCTTCTTCCCAGGCTGACGCGCCGGAAACCACCAGATTGGGGCGGAATTGCTCCATTTTTACACTGGCCGGACAACGTTGTTGGAGATCACGTAACGAGGCTTCGTTAGCAAGAAGGTAAGGATAGCCATCAGCAAATGACAG,4265157,NM4910,Coli
335=,74121797,16,0,750841,Coli,1.0,254,335,335,Coli,CCTTGCGGGTGGGAGTAATGTTGCTTTTAATTCGTTCAATCCAGCTCATTAGGGACCTTTCTGTCTGAACCTGGTTCGATGCCAGTTTTATCTTTGGGGACGCATAATGCCATTTTTGCCCCCAACAGACCATGAATGTTGCACATTAAAACATAACAGCCCGAAACTTTGGATAAAAAAGTGGTCGAACCGCGGAGTTACTTTTTATTTTGCGGCGCGTGCCGCAGCGCGTTTGTGACGGATTATTTCGATGACGCCCGGCAAAATAGAAACCACAATAATCCCGACGATCAGCAGCTTAAGGTTATCCTGAACCATCGGGATTGTACCGAAGA,750506,NM4910,Coli
